Title,Release Year,Duration,Director,Main Cast,Genres,Streaming Availability
Star Wars,1977,121 min.,George Lucas,"Mark Hamill, Harrison Ford, Carrie Fisher",,
The Empire Strikes Back,1980,127 min.,Irvin Kershner,"Mark Hamill, Harrison Ford, Carrie Fisher",,
The Godfather,1972,175 min.,Francis Ford Coppola,"Marlon Brando, Al Pacino, James Caan",,
Raiders of the Lost Ark,1981,115 min.,Steven Spielberg,"Harrison Ford, Paul Freeman, Karen Allen",,
The Shawshank Redemption,1994,142 min.,Frank Darabont,"Tim Robbins, Morgan Freeman, Bob Gunton",,
Pulp Fiction,1994,154 min.,Quentin Tarantino,"John Travolta, Samuel L. Jackson, Bruce Willis",,
Return of the Jedi,1983,134 min.,Richard Marquand,"Mark Hamill, Harrison Ford, Carrie Fisher",,
Back to the Future,1985,116 min.,Robert Zemeckis,"Michael J. Fox, Christopher Lloyd, Lea Thompson",,
Ikiru,1952,143 min.,Akira Kurosawa,"Takashi Shimura, Shin'ichi Himori, Haruo Tanaka",,
The Godfather Part II,1974,200 min.,Francis Ford Coppola,"Al Pacino, Robert Duvall, Diane Keaton",,
Harakiri,1962,133 min.,Masaki Kobayashi,"Tatsuya Nakadai, Rentaro Mikuni, Shima Iwashita",,
The Dark Knight,2008,152 min.,Christopher Nolan,"Christian Bale, Heath Ledger, Aaron Eckhart",,
Fight Club,1999,139 min.,David Fincher,"Brad Pitt, Edward Norton, Helena Bonham Carter",,
GoodFellas,1990,145 min.,Martin Scorsese,"Robert De Niro, Ray Liotta, Joe Pesci",,
Rear Window,1954,112 min.,Alfred Hitchcock,"James Stewart, Grace Kelly, Wendell Corey",,
High and Low,1963,142 min.,Akira Kurosawa,"Toshirô Mifune, Tatsuya Nakadai, Kyoko Kagawa",,
City Lights,1931,87 min.,Charles Chaplin,"Charles Chaplin, Virginia Cherrill, Florence Lee",,
Alien,1979,117 min.,Ridley Scott,"Tom Skerritt, Sigourney Weaver, Ian Holm",,
The Silence of the Lambs,1991,118 min.,Jonathan Demme,"Jodie Foster, Scott Glenn, Anthony Hopkins",,
The Shining,1980,142 min.,Stanley Kubrick,"Jack Nicholson, Shelley Duvall, Danny Lloyd",,
Indiana Jones and the Last Crusade,1989,127 min.,Steven Spielberg,"River Phoenix, Harrison Ford, Sean Connery",,
Reservoir Dogs,1992,99 min.,Quentin Tarantino,"Harvey Keitel, Tim Roth, Michael Madsen",,
The Apartment,1960,125 min.,Billy Wilder,"Jack Lemmon, Fred MacMurray, Ray Walston",,
Se7en,1995,127 min.,David Fincher,"Brad Pitt, Morgan Freeman, Gwyneth Paltrow",,
Casablanca,1942,102 min.,Michael Curtiz,"Humphrey Bogart, Ingrid Bergman, Paul Henreid",,
Seven Samurai,1954,207 min.,Akira Kurosawa,"Toshirô Mifune, Minoru Chiaki, Takashi Shimura",,
The Matrix,1999,136 min.,The Wachowskis,"Keanu Reeves, Laurence Fishburne, Carrie-Anne Moss",,
M,1931,99 min.,Fritz Lang,"Peter Lorre, Ellen Widmann, Inge Landgut",,
Die Hard,1988,131 min.,John McTiernan,"Bruce Willis, Alan Rickman, Bonnie Bedelia",,
Monty Python and the Holy Grail,1975,91 min.,"Terry Gilliam, Terry Jones","Graham Chapman, John Cleese, Eric Idle",,
"The Good, the Bad and the Ugly",1966,161 min.,Sergio Leone,"Eli Wallach, Clint Eastwood, Lee Van Cleef",,
One Flew Over the Cuckoo's Nest,1975,133 min.,Milos Forman,"Jack Nicholson, Louise Fletcher, Will Sampson",,
Double Indemnity,1944,107 min.,Billy Wilder,"Fred MacMurray, Barbara Stanwyck, Edward G. Robinson",,
Sunrise: A Song of Two Humans,1927,94 min.,F.W. Murnau,"George O'Brien, Janet Gaynor, Margaret Livingston",,
The Night of the Hunter,1955,92 min.,Charles Laughton,"Robert Mitchum, Shelley Winters, Lillian Gish",,
Yojimbo,1961,110 min.,Akira Kurosawa,"Toshirô Mifune, Isuzu Yamada, Daisuke Katô",,
Ghostbusters,1984,105 min.,Ivan Reitman,"Bill Murray, Dan Aykroyd, Harold Ramis",,
North by Northwest,1959,136 min.,Alfred Hitchcock,"Cary Grant, Eva Marie Saint, James Mason",,
The Lord of the Rings: The Fellowship of the Ring,2001,178 min.,Peter Jackson,"Elijah Wood, Ian McKellen, Viggo Mortensen",,
Dr. Strangelove or: How I Learned to Stop Worrying and Love the Bomb,1964,93 min.,Stanley Kubrick,"George C. Scott, Sterling Hayden, Peter Sellers",,
The Third Man,1949,93 min.,Carol Reed,"Joseph Cotten, Alida Valli, Orson Welles",,
Citizen Kane,1941,119 min.,Orson Welles,"Orson Welles, Ray Collins, Joseph Cotten",,
The Princess Bride,1987,98 min.,Rob Reiner,"Cary Elwes, Mandy Patinkin, Chris Sarandon",,
Rashômon,1950,88 min.,Akira Kurosawa,"Toshirô Mifune, Machiko Kyô, Minoru Chiaki",,
Terminator 2: Judgment Day,1991,137 min.,James Cameron,"Arnold Schwarzenegger, Linda Hamilton, Robert Patrick",,
Blade Runner,1982,117 min.,Ridley Scott,"Harrison Ford, Rutger Hauer, Sean Young",,
Taxi Driver,1976,113 min.,Martin Scorsese,"Robert De Niro, Jodie Foster, Albert Brooks",,
The Wages of Fear,1953,131 min.,Henri-Georges Clouzot,"Yves Montand, Charles Vanel, Folco Lulli",,
The Usual Suspects,1995,106 min.,Bryan Singer,"Stephen Baldwin, Gabriel Byrne, Benicio Del Toro",,
The Lord of the Rings: The Return of the King,2003,201 min.,Peter Jackson,"Elijah Wood, Ian McKellen, Andy Serkis",,
Aliens,1986,137 min.,James Cameron,"Sigourney Weaver, Carrie Henn, Michael Biehn",,
Paths of Glory,1957,87 min.,Stanley Kubrick,"Kirk Douglas, Ralph Meeker, Adolphe Menjou",,
Psycho,1960,109 min.,Alfred Hitchcock,"Anthony Perkins, Vera Miles, John Gavin",,
Saving Private Ryan,1998,170 min.,Steven Spielberg,"Tom Hanks, Tom Sizemore, Edward Burns",,
12 Angry Men,1957,96 min.,Sidney Lumet,"Henry Fonda, Lee J. Cobb, Jack Klugman",,
Jurassic Park,1993,127 min.,Steven Spielberg,"Sam Neill, Laura Dern, Richard Attenborough",,
Schindler's List,1993,195 min.,Steven Spielberg,"Liam Neeson, Ben Kingsley, Ralph Fiennes",,
Persona,1966,85 min.,Ingmar Bergman,"Bibi Andersson, Liv Ullmann, Margareta Krook",,
Apocalypse Now,1979,153 min.,Francis Ford Coppola,"Martin Sheen, Robert Duvall, Dennis Hopper",,
The Red Shoes,1948,133 min.,"Michael Powell, Emeric Pressburger","Moira Shearer, Anton Walbrook, Marius Goring",,
The Passion of Joan of Arc,1928,110 min.,Carl Theodor Dreyer,"Maria Falconetti, Eugene Silvain, André Berley",,
Touch of Evil,1958,95 min.,Orson Welles,"Charlton Heston, Janet Leigh, Orson Welles",,
Vertigo,1958,129 min.,Alfred Hitchcock,"James Stewart, Kim Novak, Tom Helmore",,
Forrest Gump,1994,142 min.,Robert Zemeckis,"Tom Hanks, Robin Wright, Gary Sinise",,
Jaws,1975,124 min.,Steven Spielberg,"Roy Scheider, Robert Shaw, Richard Dreyfuss",,
Chinatown,1974,131 min.,Roman Polanski,"Faye Dunaway, Jack Nicholson, John Hillerman",,
Le samouraï,1967,105 min.,Jean-Pierre Melville,"Alain Delon, François Perier, Nathalie Delon",,
Toy Story,1995,81 min.,John Lasseter,"Don Rickles, Wallace Shawn, Jim Varney",,
Bicycle Thieves,1948,93 min.,Vittorio De Sica,"Lamberto Maggiorani, Lianella Carell, Enzo Staiola",,
The Big Lebowski,1998,117 min.,Joel & Ethan Coen,"Julianne Moore, David Huddleston, Jeff Bridges",,
A Clockwork Orange,1971,136 min.,Stanley Kubrick,"Malcolm McDowell, Warren Clarke, Patrick Magee",,
Come and See,1985,140 min.,Elem Klimov,"Aleksei Kravchenko, Olga Mironova, Liubomiras Lauciavicius",,
The Lord of the Rings: The Two Towers,2002,179 min.,Peter Jackson,"Elijah Wood, Ian McKellen, Andy Serkis",,
Memento,2000,113 min.,Christopher Nolan,"Guy Pearce, Carrie-Anne Moss, Joe Pantoliano",,
Ferris Bueller's Day Off,1986,103 min.,John Hughes,"Matthew Broderick, Alan Ruck, Mia Sara",,
The Treasure of the Sierra Madre,1948,126 min.,John Huston,"Humphrey Bogart, Walter Huston, Tim Holt",,
Tokyo Story,1953,136 min.,Yasujirô Ozu,"Chishu Ryu, Chieko Higashiyama, Setsuko Hara",,
The General,1926,103 min.,"Clyde Bruckman, Buster Keaton","Buster Keaton, Marion Mack, Glen Cavender",,
Full Metal Jacket,1987,116 min.,Stanley Kubrick,"Matthew Modine, Adam Baldwin, Vincent D'Onofrio",,
The Terminator,1984,108 min.,James Cameron,"Arnold Schwarzenegger, Linda Hamilton, Michael Biehn",,
Fargo,1996,98 min.,Joel & Ethan Coen,"Frances McDormand, William H. Macy, Steve Buscemi",,
The 400 Blows,1959,99 min.,François Truffaut,"Jean-Pierre Léaud, Claire Maurier, Albert Remy",,
Inception,2010,148 min.,Christopher Nolan,"Leonardo DiCaprio, Joseph Gordon-Levitt, Ken Watanabe",,
It Happened One Night,1934,105 min.,Frank Capra,"Clark Gable, Claudette Colbert, Walter Connolly",,
Notorious,1946,101 min.,Alfred Hitchcock,"Cary Grant, Ingrid Bergman, Claude Rains",,
Wild Strawberries,1957,91 min.,Ingmar Bergman,"Victor Sjostrom, Bibi Andersson, Ingrid Thulin",,
Sunset Blvd.,1950,110 min.,Billy Wilder,"William Holden, Gloria Swanson, Nancy Olson",,
The Seventh Seal,1957,96 min.,Ingmar Bergman,"Max von Sydow, Gunnar Björnstrand, Bengt Ekerot",,
The Departed,2006,151 min.,Martin Scorsese,"Leonardo DiCaprio, Matt Damon, Mark Wahlberg",,
Ace in the Hole,1951,111 min.,Billy Wilder,"Kirk Douglas, Robert Arthur, Jan Sterling",,
Modern Times,1936,87 min.,Charles Chaplin,"Charles Chaplin, Henry Bergman, Chester Conklin",,
2001: A Space Odyssey,1968,141 min.,Stanley Kubrick,"Keir Dullea, Gary Lockwood, William Sylvester",,
Strangers on a Train,1951,101 min.,Alfred Hitchcock,"Farley Granger, Robert Walker, Ruth Roman",,
Grand Illusion,1937,114 min.,Jean Renoir,"Jean Gabin, Dita Parlo, Pierre Fresnay",,
Batman Begins,2005,140 min.,Christopher Nolan,"Christian Bale, Katie Holmes, Gary Oldman",,
The Professional,1994,110 min.,Luc Besson,"Jean Reno, Natalie Portman, Gary Oldman",,
On the Waterfront,1954,108 min.,Elia Kazan,"Marlon Brando, Karl Malden, Lee J. Cobb",,
Stalker,1979,163 min.,Andrei Tarkovsky,"Aleksandr Kaidanovsky, Alisa Frejndlikh, Anatoli Solonitsyn",,
Rocky,1976,119 min.,John G. Avildsen,"Sylvester Stallone, Talia Shire, Burt Young",,
8½,1963,138 min.,Federico Fellini,"Marcello Mastroianni, Claudia Cardinale, Anouk Aimée",,
In a Lonely Place,1950,94 min.,Nicholas Ray,"Humphrey Bogart, Gloria Grahame, Frank Lovejoy",,
Inglourious Basterds,2009,153 min.,Quentin Tarantino,"Melanie Laurent, Brad Pitt, Christoph Waltz",,
Throne of Blood,1957,109 min.,Akira Kurosawa,"Toshirô Mifune, Isuzu Yamada, Minoru Chiaki",,
Network,1976,121 min.,Sidney Lumet,"Faye Dunaway, William Holden, Peter Finch",,
Indiana Jones and the Temple of Doom,1984,118 min.,Steven Spielberg,"Harrison Ford, Kate Capshaw, Ke Huy Quan",,
The Philadelphia Story,1940,112 min.,George Cukor,"Cary Grant, Katharine Hepburn, James Stewart",,
Sweet Smell of Success,1957,96 min.,Alexander Mackendrick,"Burt Lancaster, Tony Curtis, Susan Harrison",,
The Man Who Shot Liberty Valance,1962,123 min.,John Ford,"John Wayne, James Stewart, Vera Miles",,
The Conversation,1974,113 min.,Francis Ford Coppola,"Gene Hackman, John Cazale, Allen Garfield",,
All About Eve,1950,138 min.,Joseph L. Mankiewicz,"Bette Davis, Anne Baxter, George Sanders",,
A Matter of Life and Death,1946,104 min.,"Michael Powell, Emeric Pressburger","David Niven, Kim Hunter, Roger Livesey",,
Cool Hand Luke,1967,126 min.,Stuart Rosenberg,"Paul Newman, George Kennedy, Strother Martin",,
Groundhog Day,1993,101 min.,Harold Ramis,"Bill Murray, Andie MacDowell, Chris Elliott",,
Raging Bull,1980,129 min.,Martin Scorsese,"Robert De Niro, Cathy Moriarty, Joe Pesci",,
The Rules of the Game,1939,110 min.,Jean Renoir,"Nora Gregor, Paulette Dubost, Mila Parely",,
Shadow of a Doubt,1943,108 min.,Alfred Hitchcock,"Teresa Wright, Joseph Cotten, MacDonald Carey",,
His Girl Friday,1940,92 min.,Howard Hawks,"Cary Grant, Rosalind Russell, Ralph Bellamy",,
Good Will Hunting,1997,126 min.,Gus Van Sant,"Matt Damon, Robin Williams, Ben Affleck",,
Out of the Past,1947,97 min.,Jacques Tourneur,"Robert Mitchum, Jane Greer, Kirk Douglas",,
Badlands,1973,95 min.,Terrence Malick,"Sissy Spacek, Martin Sheen, Gary Littlejohn",,
Sherlock Jr.,1924,45 min.,Buster Keaton,"Buster Keaton, Kathryn McGuire, Joe Keaton",,
Whiplash,2014,106 min.,Damien Chazelle,"Miles Teller, J.K. Simmons, Paul Reiser",,
La Dolce Vita,1960,180 min.,Federico Fellini,"Marcello Mastroianni, Anita Ekberg, Anouk Aimée",,
The Maltese Falcon,1941,100 min.,John Huston,"Humphrey Bogart, Mary Astor, Gladys George",,
The Big Sleep,1946,114 min.,Howard Hawks,"Lauren Bacall, John Ridgely, Humphrey Bogart",,
Shaun of the Dead,2004,99 min.,Edgar Wright,"Simon Pegg, Nick Frost, Kate Ashfield",,
The Thing,1982,109 min.,John Carpenter,"Kurt Russell, Wilford Brimley, T.K. Carter",,
Kill Bill Vol. 1,2003,111 min.,Quentin Tarantino,"Uma Thurman, Lucy Liu, Vivica A. Fox",,
Aguirre: The Wrath of God,1972,93 min.,Werner Herzog,"Klaus Kinski, Helena Rojo, Del Negro",,
No Country for Old Men,2007,122 min.,Joel & Ethan Coen,"Tommy Lee Jones, Javier Bardem, Josh Brolin",,
The Lion King,1994,89 min.,"Roger Allers, Rob Minkoff","Matthew Broderick, Jeremy Irons, James Earl Jones",,
In the Mood for Love,2000,98 min.,Wong Kar-Wai,"Tony Leung Chiu Wai, Maggie Cheung, Ping Lam Siu",,
The Great Dictator,1940,125 min.,Charles Chaplin,"Charles Chaplin, Paulette Goddard, Reginald Gardiner",,
The Gold Rush,1925,96 min.,Charles Chaplin,"Charles Chaplin, Mack Swain, Tom Murray",,
Gladiator,2000,155 min.,Ridley Scott,"Russell Crowe, Joaquin Phoenix, Connie Nielsen",,
Diabolique,1955,116 min.,Henri-Georges Clouzot,"Simone Signoret, Vera Clouzot, Paul Meurisse",,
Stand by Me,1986,89 min.,Rob Reiner,"River Phoenix, Corey Feldman, Richard Dreyfuss",,
Parasite,2019,132 min.,Bong Joon Ho,"Kang-ho Song, Yeo-jeong Jo, So-dam Park",,
Rope,1948,80 min.,Alfred Hitchcock,"James Stewart, John Dall, Farley Granger",,
Memories of Murder,2003,130 min.,Bong Joon Ho,"Kang-ho Song, Sang-kyung Kim, Roe-ha Kim",,
The Searchers,1956,119 min.,John Ford,"John Wayne, Jeffery Hunter, Vera Miles",,
My Neighbor Totoro,1988,86 min.,Hayao Miyazaki,"Noriko Hidaka, Chika Sakamoto, Shigesato Itoi",,
Anatomy of a Murder,1959,160 min.,Otto Preminger,"James Stewart, Lee Remick, Eve Arden",,
Eternal Sunshine of the Spotless Mind,2004,108 min.,Michel Gondry,"Jim Carrey, Kate Winslet, Elijah Wood",,
The Breakfast Club,1985,97 min.,John Hughes,"Emilio Estevez, Molly Ringwald, Anthony Michael Hall",,
The Thin Man,1934,91 min.,W.S. Van Dyke,"William Powell, Nat Pendleton, Minna Gombell",,
American History X,1998,119 min.,Tony Kaye,"Edward Norton, Edward Furlong, Beverly D'Angelo",,
Office Space,1999,89 min.,Mike Judge,"Stephen Root, Gary Cole, John C. McGinley",,
Days of Heaven,1978,94 min.,Terrence Malick,"Richard Gere, Brooke Adams, Sam Shepard",,
It's a Wonderful Life,1946,130 min.,Frank Capra,"James Stewart, Donna Reed, Lionel Barrymore",,
The Killing,1956,85 min.,Stanley Kubrick,"Sterling Hayden, Coleen Gray, Vince Edwards",,
Bringing Up Baby,1938,102 min.,Howard Hawks,"Katharine Hepburn, Cary Grant, Charles Ruggles",,
Fanny and Alexander,1982,188 min.,Ingmar Bergman,"Ewa Fröling, Gunn Wållgren, Jan Malmsjö",,
Sullivan's Travels,1941,90 min.,Preston Sturges,"Joel McCrea, Veronica Lake, Robert Warwick",,
Rififi,1955,122 min.,Jules Dassin,"Jean Servais, Carl Mohner, Robert Manuel",,
Butch Cassidy and the Sundance Kid,1969,110 min.,George Roy Hill,"Paul Newman, Robert Redford, Strother Martin",,
A Fistful of Dollars,1964,99 min.,Sergio Leone,"Clint Eastwood, Marianne Koch, Wolfgang Lukschy",,
Rio Bravo,1959,141 min.,Howard Hawks,"John Wayne, Angie Dickinson, Dean Martin",,
The Wizard of Oz,1939,101 min.,Victor Fleming,"Judy Garland, Frank Morgan, Ray Bolger",,
Unforgiven,1992,131 min.,Clint Eastwood,"Clint Eastwood, Gene Hackman, Frances Fisher",,
Once Upon a Time in the West,1968,165 min.,Sergio Leone,"Charles Bronson, Gabriele Ferzetti, Henry Fonda",,
Rebecca,1940,130 min.,Alfred Hitchcock,"Laurence Olivier, Joan Fontaine, George Sanders",,
Brief Encounter,1945,86 min.,David Lean,"Celia Johnson, Trevor Howard, Stanley Holloway",,
Laura,1944,88 min.,Otto Preminger,"Gene Tierney, Dana Andrews, Clifton Webb",,
Ran,1985,162 min.,Akira Kurosawa,"Tatsuya Nakadai, Akira Terao, Jinpachi Nezu",,
For a Few Dollars More,1965,132 min.,Sergio Leone,"Clint Eastwood, Lee Van Cleef, Klaus Kinski",,
Iron Man,2008,126 min.,Jon Favreau,"Robert Downey Jr., Gwyneth Paltrow, Shaun Toub",,
The Best Years of Our Lives,1946,172 min.,William Wyler,"Fredric March, Dana Andrews, Harold Russell",,
Annie Hall,1977,93 min.,Woody Allen,"Woody Allen, Diane Keaton, Tony Roberts",,
"Paris, Texas",1984,147 min.,Wim Wenders,"Harry Dean Stanton, Dean Stockwell, Nastassja Kinski",,
Stalag 17,1953,120 min.,Billy Wilder,"Robert Strauss, Harvey Lembeck, Otto Preminger",,
Mr. Smith Goes to Washington,1939,129 min.,Frank Capra,"James Stewart, Jean Arthur, Claude Rains",,
Duck Soup,1933,68 min.,Leo McCarey,"Harpo Marx, Groucho Marx, Chico Marx",,
Lawrence of Arabia,1962,227 min.,David Lean,"Peter O'Toole, Alec Guinness, Anthony Quinn",,
To Be or Not to Be,1942,99 min.,Ernst Lubitsch,"Carole Lombard, Jack Benny, Robert Stack",,
The Prestige,2006,130 min.,Christopher Nolan,"Hugh Jackman, Christian Bale, Michael Caine",,
The Sting,1973,129 min.,George Roy Hill,"Paul Newman, Robert Redford, Robert Shaw",,
Back to the Future Part II,1989,108 min.,Robert Zemeckis,"Michael J. Fox, Christopher Lloyd, Lea Thompson",,
Charade,1963,113 min.,Stanley Donen,"James Coburn, Cary Grant, Audrey Hepburn",,
Chungking Express,1994,98 min.,Wong Kar-Wai,"Brigitte Lin, Tony Leung Chiu Wai, Faye Wong",,
Dog Day Afternoon,1975,125 min.,Sidney Lumet,"Al Pacino, John Cazale, Charles Durning",,
All the President's Men,1976,138 min.,Alan J. Pakula,"Jason Robards, Hal Holbrook, Jack Warden",,
Witness for the Prosecution,1957,116 min.,Billy Wilder,"Tyrone Power, Marlene Dietrich, Charles Laughton",,
Andrei Rublev,1966,205 min.,Andrei Tarkovsky,"Anatoli Solonitsyn, Ivan Lapikov, Nikolai Grinko",,
The Kid,1921,68 min.,Charles Chaplin,"Charles Chaplin, Jackie Coogan",,
The Graduate,1967,105 min.,Mike Nichols,"Dustin Hoffman, Anne Bancroft, Katharine Ross",,
The Great Escape,1963,172 min.,John Sturges,"Steve McQueen, Richard Attenborough, Charles Bronson",,
City of God,2002,130 min.,"Fernando Meirelles, Kátia Lund","Leandro Firmino da Hora, Matheus Nachtergaele, Seu Jorge",,
The Hidden Fortress,1958,139 min.,Akira Kurosawa,"Toshirô Mifune, Minoru Chiaki, Kamatari Fujiwara",,
Willy Wonka & the Chocolate Factory,1971,100 min.,Mel Stuart,"Jack Albertson, Julie Dawn Cole, Gene Wilder",,
The King of Comedy,1982,109 min.,Martin Scorsese,"Robert De Niro, Jerry Lewis, Diahnne Abbott",,
The Battle of Algiers,1966,121 min.,Gillo Pontecorvo,"Brahim Hadjadj, Jean Martin, Yacef Saadi",,
Metropolis,1927,153 min.,Fritz Lang,"Alfred Abel, Heinrich George, Fritz Alberti",,
Breathless,1960,90 min.,Jean-Luc Godard,"Jean-Paul Belmondo, Jean Seberg",,
E.T.: The Extra-Terrestrial,1982,115 min.,Steven Spielberg,"Dee Wallace, Henry Thomas, Peter Coyote",,
The Life and Death of Colonel Blimp,1943,163 min.,"Michael Powell, Emeric Pressburger","Roger Livesey, Deborah Kerr, Anton Walbrook",,
The Long Goodbye,1973,112 min.,Robert Altman,"Elliott Gould, Nina Van Pallandt, Henry Gibson",,
Django Unchained,2012,165 min.,Quentin Tarantino,"Jamie Foxx, Christoph Waltz, Leonardo DiCaprio",,
The Shop Around the Corner,1940,99 min.,Ernst Lubitsch,"Margaret Sullavan, James Stewart, Frank Morgan",,
WALL·E,2008,98 min.,Andrew Stanton,"Fred Willard, Jeff Garlin, Ben Burtt",,
To Kill a Mockingbird,1962,129 min.,Robert Mulligan,"Gregory Peck, Mary Badham, Phillip Alford",,
Scarface,1983,170 min.,Brian De Palma,"Al Pacino, Mary Elizabeth Mastrantonio, Michelle Pfeiffer",,
The Hustler,1961,134 min.,Robert Rossen,"Paul Newman, Jackie Gleason, Piper Laurie",,
Dial M for Murder,1954,105 min.,Alfred Hitchcock,"Ray Milland, Grace Kelly, Robert Cummings",,
12 Monkeys,1995,129 min.,Terry Gilliam,"Bruce Willis, Madeleine Stowe, Brad Pitt",,
The Wild Bunch,1969,145 min.,Sam Peckinpah,"William Holden, Robert Ryan, Edmond O'Brien",,
Ugetsu,1953,94 min.,Kenji Mizoguchi,"Masayuki Mori, Machiko Kyô, Kinuyo Tanaka",,
American Beauty,1999,122 min.,Sam Mendes,"Kevin Spacey, Annette Bening, Thora Birch",,
The Lady Vanishes,1938,97 min.,Alfred Hitchcock,"Margaret Lockwood, Michael Redgrave, Paul Lukas",,
The Incredibles,2004,115 min.,Brad Bird,"Craig T. Nelson, Holly Hunter, Samuel L. Jackson",,
Braveheart,1995,177 min.,Mel Gibson,"Mel Gibson, Patrick McGoohan, Angus MacFadyen",,
The French Connection,1971,104 min.,William Friedkin,"Gene Hackman, Fernando Rey, Roy Scheider",,
Bride of Frankenstein,1935,75 min.,James Whale,"Boris Karloff, Elsa Lanchester, Colin Clive",,
Army of Shadows,1969,145 min.,Jean-Pierre Melville,"Lino Ventura, Jean-Pierre Cassel, Simone Signoret",,
The Bridge on the River Kwai,1957,161 min.,David Lean,"William Holden, Jack Hawkins, Sessue Hayakawa",,
Young Frankenstein,1974,106 min.,Mel Brooks,"Gene Wilder, Peter Boyle, Marty Feldman",,
Grave of the Fireflies,1988,89 min.,Isao Takahata,"Tsutomu Tatsumi, Ayano Shiraishi, Yoshiko Shinohara",,
Black Narcissus,1947,100 min.,"Michael Powell, Emeric Pressburger","Deborah Kerr, Flora Robson, Jean Simmons",,
Miller's Crossing,1990,120 min.,Joel & Ethan Coen,"Gabriel Byrne, Albert Finney, John Turturro",,
Mad Max: Fury Road,2015,120 min.,George Miller,"Tom Hardy, Charlize Theron, Nicholas Hoult",,
Woman in the Dunes,1964,123 min.,Hiroshi Teshigahara,"Eiji Okada, Kyoko Kishida, Hiroko Ito",,
My Man Godfrey,1936,94 min.,Gregory La Cava,"William Powell, Carole Lombard, Alice Brady",,
Airplane!,1980,88 min.,"Jim Abrahams, David Zucker, Jerry Zucker","Robert Hays, Julie Hagerty, Peter Graves",,
Sanjuro,1962,96 min.,Akira Kurosawa,"Toshirô Mifune, Tatsuya Nakadai, Keiju Kobayashi",,
Life of Brian,1979,94 min.,Terry Jones,"Graham Chapman, John Cleese, Eric Idle",,
Barry Lyndon,1975,184 min.,Stanley Kubrick,"Ryan O'Neal, Marisa Berenson, Patrick Magee",,
High Noon,1952,85 min.,Fred Zinnemann,"Gary Cooper, Grace Kelly, Thomas Mitchell",,
The Goonies,1985,114 min.,Richard Donner,"Sean Astin, Josh Brolin, Jeff Cohen",,
Finding Nemo,2003,100 min.,Andrew Stanton,"Albert Brooks, Ellen DeGeneres, Alexander Gould",,
Nausicaä of the Valley of the Wind,1984,117 min.,Hayao Miyazaki,"Sumi Shimamoto, Ichirô Nagai, Mahito Tsujimura",,
Singin' in the Rain,1952,103 min.,"Stanley Donen, Gene Kelly","Gene Kelly, Donald O'Connor, Debbie Reynolds",,
The Sixth Sense,1999,107 min.,M. Night Shyamalan,"Bruce Willis, Haley Joel Osment, Toni Collette",,
Who's Afraid of Virginia Woolf?,1966,131 min.,Mike Nichols,"Elizabeth Taylor, Richard Burton, George Segal",,
Spirited Away,2001,125 min.,Hayao Miyazaki,"Rumi Hîragi, Miyu Irino, Mari Natsuki",,
A Face in the Crowd,1957,125 min.,Elia Kazan,"Andy Griffith, Anthony Franciosa, Patricia Neal",,
Manhattan,1979,96 min.,Woody Allen,"Woody Allen, Diane Keaton, Michael Murphy",,
Predator,1987,107 min.,John McTiernan,"Arnold Schwarzenegger, Carl Weathers, Elpidia Carrillo",,
Kill Bill Vol. 2,2004,136 min.,Quentin Tarantino,"Uma Thurman, Michael Madsen, Gordon Liu",,
Oldboy,2003,120 min.,Chan-wook Park,"Dal-su Oh, Min-sik Choi, Ji-tae Yu",,
White Heat,1949,114 min.,Raoul Walsh,"James Cagney, Virginia Mayo, Edmond O'Brien",,
The Bourne Identity,2002,119 min.,Doug Liman,"Matt Damon, Franka Potente, Chris Cooper",,
Paper Moon,1973,102 min.,Peter Bogdanovich,"Ryan O'Neal, John Hillerman, Randy Quaid",,
The Green Mile,1999,188 min.,Frank Darabont,"Tom Hanks, David Morse, James Cromwell",,
A Man Escaped,1956,99 min.,Robert Bresson,"François Leterrier, Charles Le Clainche, Maurice Beerblock",,
The Avengers,2012,142 min.,Joss Whedon,"Robert Downey Jr., Chris Evans, Chris Hemsworth",,
Children of Men,2006,109 min.,Alfonso Cuarón,"Clive Owen, Julianne Moore, Michael Caine",,
The Truman Show,1998,103 min.,Peter Weir,"Jim Carrey, Laura Linney, Noah Emmerich",,
Pan's Labyrinth,2006,119 min.,Guillermo del Toro,"Ivana Baquero, Sergi López, Maribel Verdú",,
Ocean's Eleven,2001,116 min.,Steven Soderbergh,"George Clooney, Matt Damon, Andy Garcia",,
Stagecoach,1939,96 min.,John Ford,"John Wayne, Claire Trevor, Thomas Mitchell",,
Some Like It Hot,1959,120 min.,Billy Wilder,"Marilyn Monroe, Tony Curtis, Jack Lemmon",,
The Untouchables,1987,119 min.,Brian De Palma,"Kevin Costner, Robert De Niro, Charles Martin Smith",,
Late Spring,1949,108 min.,Yasujirô Ozu,"Setsuko Hara, Haruko Sugimura, Chishu Ryu",,
Heat,1995,188 min.,Michael Mann,"Al Pacino, Robert De Niro, Val Kilmer",,
"O Brother, Where Art Thou?",2000,107 min.,Joel & Ethan Coen,"George Clooney, John Turturro, Tim Blake Nelson",,
Roman Holiday,1953,118 min.,William Wyler,"Audrey Hepburn, Gregory Peck, Eddie Albert",,
There Will Be Blood,2007,158 min.,Paul Thomas Anderson,"Daniel Day-Lewis, Colleen Foy, Russell Harvard",,
Rain Man,1988,133 min.,Barry Levinson,"Dustin Hoffman, Tom Cruise, Valeria Golino",,
The Exorcist,1973,122 min.,William Friedkin,"Ellen Burstyn, Max von Sydow, Mercedes McCambridge",,
Arsenic and Old Lace,1944,118 min.,Frank Capra,"Priscilla Lane, Josephine Hull, Jean Adair",,
The Magnificent Seven,1960,128 min.,John Sturges,"Yul Brynner, Steve McQueen, Horst Buchholz",,
Sansho the Bailiff,1954,124 min.,Kenji Mizoguchi,"Kyoko Kagawa, Kinuyo Tanaka, Yoshiaki Hanayagi",,
The Deer Hunter,1978,182 min.,Michael Cimino,"Robert De Niro, Christopher Walken, Meryl Streep",,
The Last Picture Show,1971,118 min.,Peter Bogdanovich,"Timothy Bottoms, Jeff Bridges, Cybill Shepherd",,
Trainspotting,1996,94 min.,Danny Boyle,"Ewan McGregor, Ewen Bremner, Jonny Lee Miller",,
Blazing Saddles,1974,93 min.,Mel Brooks,"Cleavon Little, Gene Wilder, Slim Pickens",,
Snatch.,2000,102 min.,Guy Ritchie,"Benicio Del Toro, Dennis Farina, Vinnie Jones",,
Batman,1989,126 min.,Tim Burton,"Michael Keaton, Jack Nicholson, Kim Basinger",,
The Blues Brothers,1980,148 min.,John Landis,"John Belushi, Dan Aykroyd, John Candy",,
The Fugitive,1993,130 min.,Andrew Davis,"Harrison Ford, Tommy Lee Jones, Sela Ward",,
The Umbrellas of Cherbourg,1964,91 min.,Jacques Demy,"Catherine Deneuve, Marc Michel, Anne Vernon",,
"Monsters, Inc.",2001,92 min.,Pete Docter,"Billy Crystal, John Goodman, James Coburn",,
Suspiria,1977,98 min.,Dario Argento,"Jessica Harper, Stefania Casini, Flavio Bucci",,
Le Cercle Rouge,1970,140 min.,Jean-Pierre Melville,"François Perier, Gian Maria Volontè, Alain Delon",,
Nights of Cabiria,1957,117 min.,Federico Fellini,"Giulietta Masina, François Perier, Franca Marzi",,
L.A. Confidential,1997,138 min.,Curtis Hanson,"Kevin Spacey, Russell Crowe, Guy Pearce",,
The Innocents,1961,100 min.,Jack Clayton,"Deborah Kerr, Megs Jenkins, Martin Stephens",,
The Virgin Spring,1960,89 min.,Ingmar Bergman,"Max von Sydow, Birgitta Valberg, Gunnel Lindblom",,
Catch Me If You Can,2002,141 min.,Steven Spielberg,"Leonardo DiCaprio, Tom Hanks, Christopher Walken",,
Guardians of the Galaxy,2014,122 min.,James Gunn,"Chris Pratt, Zoe Saldana, Dave Bautista",,
McCabe & Mrs. Miller,1971,120 min.,Robert Altman,"Warren Beatty, Julie Christie, René Auberjonois",,
Bonnie and Clyde,1967,112 min.,Arthur Penn,"Warren Beatty, Faye Dunaway, Michael J. Pollard",,
The Fifth Element,1997,126 min.,Luc Besson,"Bruce Willis, Milla Jovovich, Ian Holm",,
The Exterminating Angel,1962,95 min.,Luis Buñuel,"Silvia Pinal, Enrique Rambal, Claudio Brook",,
A Night at the Opera,1935,91 min.,Sam Wood,"Groucho Marx, Chico Marx, Harpo Marx",,
Solaris,1972,169 min.,Andrei Tarkovsky,"Natalya Bondarchuk, Donatas Banionis, Jüri Järvet",,
Blow Out,1981,108 min.,Brian De Palma,"John Travolta, Nancy Allen, John Lithgow",,
Toy Story 2,1999,92 min.,John Lasseter,"Tom Hanks, Tim Allen, Joan Cusack",,
Wings of Desire,1987,128 min.,Wim Wenders,"Bruno Ganz, Solveig Dommartin, Otto Sander",,
Brazil,1985,94 min.,Terry Gilliam,"Jonathan Pryce, Robert De Niro, Katherine Helmond",,
The 39 Steps,1935,86 min.,Alfred Hitchcock,"Robert Donat, Madeleine Carroll, Lucie Mannheim",,
Fitzcarraldo,1982,158 min.,Werner Herzog,"Klaus Kinski, Claudia Cardinale, Jose Lewgoy",,
Repulsion,1965,105 min.,Roman Polanski,"Catherine Deneuve, Ian Hendry, John Fraser",,
Safety Last!,1923,70 min.,"Fred C. Newmeyer, Sam Taylor","Harold Lloyd, Mildred Davis, Bill Strother",,
Do the Right Thing,1989,120 min.,Spike Lee,"Spike Lee, Rosie Perez, Giancarlo Esposito",,
This Is Spinal Tap,1984,82 min.,Rob Reiner,"Rob Reiner, Michael McKean, Christopher Guest",,
Platoon,1986,120 min.,Oliver Stone,"Charlie Sheen, Tom Berenger, Willem Dafoe",,
Winter Light,1963,81 min.,Ingmar Bergman,"Gunnar Björnstrand, Max von Sydow, Allan Edwall",,
Avengers: Infinity War,2018,156 min.,"Anthony Russo, Joe Russo","Robert Downey Jr., Chris Evans, Chris Hemsworth",,
Let the Right One In,2008,115 min.,Tomas Alfredson,"Kåre Hedebrant, Lina Leandersson, Per Ragnar",,
Children of Paradise,1945,190 min.,Marcel Carné,"Pierre Renoir, Pierre Brasseur, Arletty",,
Castle in the Sky,1986,124 min.,Hayao Miyazaki,"Keiko Yokozawa, Mayumi Tanaka, Kotoe Hatsui",,
Harold and Maude,1971,91 min.,Hal Ashby,"Ruth Gordon, Bud Cort, Vivian Pickles",,
Nashville,1975,159 min.,Robert Altman,"Ned Beatty, Ronee Blakley, Keith Carradine",,
Hot Fuzz,2007,121 min.,Edgar Wright,"Simon Pegg, Nick Frost, Timothy Dalton",,
Mean Streets,1973,112 min.,Martin Scorsese,"Robert De Niro, Harvey Keitel, David Proval",,
Being There,1979,130 min.,Hal Ashby,"Peter Sellers, Shirley MacLaine, Melvyn Douglas",,
The Lady Eve,1941,94 min.,Preston Sturges,"Barbara Stanwyck, Henry Fonda, Charles Coburn",,
Frankenstein,1931,71 min.,James Whale,"Colin Clive, Mae Clarke, John Boles",,
The Social Network,2010,120 min.,David Fincher,"Jesse Eisenberg, Andrew Garfield, Justin Timberlake",,
Amadeus,1984,160 min.,Milos Forman,"F. Murray Abraham, Tom Hulce, Elizabeth Berridge",,
Crimes and Misdemeanors,1989,104 min.,Woody Allen,"Martin Landau, Mia Farrow, Anjelica Huston",,
Aladdin,1992,90 min.,"Ron Clements, John Musker","Scott Weinger, Jonathan Freeman, Robin Williams",,
Rosemary's Baby,1968,136 min.,Roman Polanski,"Mia Farrow, John Cassavetes, Ruth Gordon",,
Casino Royale,2006,144 min.,Martin Campbell,"Eva Green, Mads Mikkelsen, Daniel Craig",,
Before Sunrise,1995,105 min.,Richard Linklater,"Ethan Hawke, Julie Delpy, Andrea Eckert",,
Amélie,2001,122 min.,Jean-Pierre Jeunet,"Audrey Tautou, Mathieu Kassovitz, Rufus",,
In the Heat of the Night,1967,109 min.,Norman Jewison,"Sidney Poitier, Rod Steiger, Warren Oates",,
The Mirror,1975,106 min.,Andrei Tarkovsky,"Margarita Terekhova, Oleg Yankovskiy, Filipp Yankovsky",,
Key Largo,1948,100 min.,John Huston,"Lauren Bacall, Lionel Barrymore, Claire Trevor",,
Three Colors: Red,1994,99 min.,Krzysztof Kieslowski,"Zbigniew Zamachowski, Irène Jacob, Jean-Louis Trintignant",,
La Strada,1954,108 min.,Federico Fellini,"Giulietta Masina, Richard Basehart, Al Silvani",,
Harvey,1950,104 min.,Henry Koster,"James Stewart, Josephine Hull, Peggy Dow",,
Close Encounters of the Third Kind,1977,135 min.,Steven Spielberg,"Richard Dreyfuss, François Truffaut, Teri Garr",,
Blade Runner 2049,2017,163 min.,Denis Villeneuve,"Ryan Gosling, Harrison Ford, Jared Leto",,
Playtime,1967,155 min.,Jacques Tati,"Jacques Tati, Barbara Dennek, Rita Maiden",,
Star Trek,2009,127 min.,J.J. Abrams,"Chris Pine, Zachary Quinto, Leonard Nimoy",,
Stop Making Sense,1984,88 min.,Jonathan Demme,"Alex Weir, Steve Scales, David Byrne",,
Evil Dead II,1987,85 min.,Sam Raimi,"Bruce Campbell, Kassie Wesley, Lou Hancock",,
Star Trek II: The Wrath of Khan,1982,113 min.,Nicholas Meyer,"William Shatner, Leonard Nimoy, DeForest Kelley",,
The Grapes of Wrath,1940,129 min.,John Ford,"Henry Fonda, Jane Darwell, John Carradine",,
Interstellar,2014,169 min.,Christopher Nolan,"Matthew McConaughey, Wes Bentley, Anne Hathaway",,
Drive,2011,95 min.,Nicolas Winding Refn,"Ryan Gosling, Carey Mulligan, Bryan Cranston",,
Donnie Darko,2001,113 min.,Richard Kelly,"Jake Gyllenhaal, Jena Malone, Mary McDonnell",,
Peeping Tom,1960,101 min.,Michael Powell,"Karlheinz Böhm, Moira Shearer, Anna Massey",,
Red River,1948,133 min.,"Howard Hawks, Arthur Rosson","John Wayne, Montgomery Clift, Joanne Dru",,
Clerks.,1994,92 min.,Kevin Smith,"Brian O'Halloran, Jeff Anderson, Marilyn Ghigliotti",,
Judgment at Nuremberg,1961,186 min.,Stanley Kramer,"Burt Lancaster, Richard Widmark, Spencer Tracy",,
Sorcerer,1977,121 min.,William Friedkin,"Roy Scheider, Bruno Cremer, Francisco Rabal",,
Glengarry Glen Ross,1992,100 min.,James Foley,"Al Pacino, Jack Lemmon, Ed Harris",,
The Adventures of Robin Hood,1938,102 min.,"Michael Curtiz, William Keighley","Errol Flynn, Basil Rathbone, Olivia de Havilland",,
The Taking of Pelham One Two Three,1974,104 min.,Joseph Sargent,"Walter Matthau, Hector Elizondo, Earl Hindman",,
Eyes Without a Face,1960,88 min.,Georges Franju,"Pierre Brasseur, Alida Valli, Edith Scob",,
Edward Scissorhands,1990,105 min.,Tim Burton,"Johnny Depp, Winona Ryder, Dianne Wiest",,
The Holy Mountain,1973,114 min.,Alejandro Jodorowsky,"Alejandro Jodorowsky, Horacio Salinas, Zamira Saunders",,
Blood Simple,1984,99 min.,Joel & Ethan Coen,"John Getz, Frances McDormand, Dan Hedaya",,
Casino,1995,178 min.,Martin Scorsese,"Robert De Niro, Sharon Stone, Joe Pesci",,
Spider-Man: Into the Spider-Verse,2018,117 min.,"Bob Persichetti, Peter Ramsey, Rodney Rothman","Shameik Moore, Jake Johnson, Hailee Steinfeld",,
Nosferatu,1922,81 min.,F.W. Murnau,"Max Schreck, Gustav von Wangenheim, Greta Schröder",,
Beetlejuice,1988,92 min.,Tim Burton,"Geena Davis, Catherine O'Hara, Alec Baldwin",,
Hannah and Her Sisters,1986,103 min.,Woody Allen,"Mia Farrow, Dianne Wiest, Michael Caine",,
Rebel Without a Cause,1955,111 min.,Nicholas Ray,"James Dean, Natalie Wood, Sal Mineo",,
A Woman Under the Influence,1974,155 min.,John Cassavetes,"Peter Falk, Gena Rowlands, Fred Draper",,
Dead Poets Society,1989,128 min.,Peter Weir,"Robin Williams, Robert Sean Leonard, Ethan Hawke",,
Top Hat,1935,101 min.,Mark Sandrich,"Fred Astaire, Ginger Rogers, Edward Everett Horton",,
Up,2009,96 min.,"Pete Docter, Bob Peterson","Bob Peterson, Delroy Lindo, Edward Asner",,
The Grand Budapest Hotel,2014,99 min.,Wes Anderson,"Tony Revolori, Saoirse Ronan, Ralph Fiennes",,
American Psycho,2000,101 min.,Mary Harron,"Christian Bale, Jared Leto, Reese Witherspoon",,
Princess Mononoke,1997,134 min.,Hayao Miyazaki,"Yôji Matsuda, Yuriko Ishida, Yûko Tanaka",,
Gaslight,1944,114 min.,George Cukor,"Charles Boyer, Ingrid Bergman, Joseph Cotten",,
La Haine,1995,96 min.,Mathieu Kassovitz,"Vincent Cassel, Hubert Kounde, Saïd Taghmaoui",,
Three Colors: Blue,1993,98 min.,Krzysztof Kieslowski,"Juliette Binoche, Benoit Regent, Florence Pernel",,
The Big Heat,1953,89 min.,Fritz Lang,"Alexander Scourby, Lee Marvin, Glenn Ford",,
An American Werewolf in London,1981,97 min.,John Landis,"Jenny Agutter, John Woodvine, Griffin Dunne",,
Barton Fink,1991,116 min.,Joel & Ethan Coen,"John Turturro, Michael Lerner, Tony Shalhoub",,
The Manchurian Candidate,1962,126 min.,John Frankenheimer,"Frank Sinatra, Laurence Harvey, Janet Leigh",,
Kind Hearts and Coronets,1949,106 min.,Robert Hamer,"Valerie Hobson, Alec Guinness, Joan Greenwood",,
The Outlaw Josey Wales,1976,135 min.,Clint Eastwood,"Clint Eastwood, Chief Dan George, Sondra Locke",,
Trouble in Paradise,1932,83 min.,Ernst Lubitsch,"Miriam Hopkins, Kay Francis, Herbert Marshall",,
Umberto D.,1952,89 min.,Vittorio De Sica,"Carlo Battisti, Maria-Pia Casilio, Lina Gennari",,
Army of Darkness,1992,81 min.,Sam Raimi,"Bruce Campbell, Marcus Gilbert, Ian Abercrombie",,
Her,2013,126 min.,Spike Jonze,"Joaquin Phoenix, Scarlett Johansson, Amy Adams",,
Apollo 13,1995,140 min.,Ron Howard,"Tom Hanks, Kevin Bacon, Gary Sinise",,
Band of Brothers,2001,705 min.,"David Frankel,  Mikael Salomon, Tom Hanks, David Leland, Richard Loncraine, David Nutter, Phil Alden Robinson, Tony To","Scott Grimes, Damian Lewis, Ron Livingston",,
Cries and Whispers,1972,91 min.,Ingmar Bergman,"Kari Sylwan, Ingrid Thulin, Liv Ullmann",,
A Streetcar Named Desire,1951,125 min.,Elia Kazan,"Vivien Leigh, Kim Hunter, Karl Malden",,
To Have and Have Not,1944,100 min.,Howard Hawks,"Walter Brennan, Lauren Bacall, Dolores Moran",,
Who Framed Roger Rabbit,1988,104 min.,Robert Zemeckis,"Bob Hoskins, Christopher Lloyd, Charles Fleischer",,
The Conformist,1970,107 min.,Bernardo Bertolucci,"Jean-Louis Trintignant, Stefania Sandrelli, Gastone Moschin",,
Arrival,2016,116 min.,Denis Villeneuve,"Amy Adams, Jeremy Renner, Forest Whitaker",,
The Cabinet of Dr. Caligari,1920,72 min.,Robert Wiene,"Werner Krauss, Conrad Veidt, Friedrich Feher",,
Wait Until Dark,1967,108 min.,Terence Young,"Audrey Hepburn, Alan Arkin, Richard Crenna",,
28 Days Later...,2002,113 min.,Danny Boyle,"Megan Burns, Christopher Eccleston, Cillian Murphy",,
To Catch a Thief,1955,106 min.,Alfred Hitchcock,"Cary Grant, Grace Kelly, Jesse Royce Landis",,
Night of the Living Dead,1968,96 min.,George A. Romero,"Duane Jones, Karl Hardman, Keith Wayne",,
The Wolf of Wall Street,2013,180 min.,Martin Scorsese,"Leonardo DiCaprio, Margot Robbie, Kyle Chandler",,
Z,1969,127 min.,Costa-Gavras,"Yves Montand, Jean-Louis Trintignant, Jacques Perrin",,
In Bruges,2008,107 min.,Martin McDonagh,"Ralph Fiennes, Clémence Poésy, Jérémie Renier",,
The Ox-Bow Incident,1943,75 min.,William A. Wellman,"Henry Fonda, Dana Andrews, Mary Beth Hughes",,
Moon,2009,97 min.,Duncan Jones,"Sam Rockwell, Kevin Spacey, Dominique McElligott",,
Ex Machina,2015,108 min.,Alex Garland,"Domhnall Gleeson, Oscar Isaac, Alicia Vikander",,
Ordet,1955,126 min.,Carl Theodor Dreyer,"Henrik Malberg, Emil Hass Christensen, Cay Kristiansen",,
Get Out,2017,103 min.,Jordan Peele,"Daniel Kaluuya, Allison Williams, Catherine Keener",,
The Lost Weekend,1945,101 min.,Billy Wilder,"Ray Milland, Jane Wyman, Phillip Terry",,
Dirty Harry,1971,102 min.,Don Siegel,"Reni Santoni, Clint Eastwood, John Vernon",,
Elevator to the Gallows,1958,88 min.,Louis Malle,"Jeanne Moreau, Maurice Ronet, Georges Poujouly",,
The Last Detail,1973,104 min.,Hal Ashby,"Jack Nicholson, Otis Young, Randy Quaid",,
Everything Everywhere All at Once,2022,132 min.,"Dan Kwan, Daniel Scheinert","Michelle Yeoh, Stephanie Hsu, Ke Huy Quan",,
The Awful Truth,1937,91 min.,Leo McCarey,"Cary Grant, Irene Dunne, Ralph Bellamy",,
V for Vendetta,2006,132 min.,James McTeigue,"Natalie Portman, Hugo Weaving, Stephen Rea",,
The Invisible Man,1933,71 min.,James Whale,"Claude Rains, Gloria Stuart, William Harrigan",,
The African Queen,1951,105 min.,John Huston,"Humphrey Bogart, Katharine Hepburn, Robert Morley",,
Blue Velvet,1986,120 min.,David Lynch,"Isabella Rossellini, Kyle MacLachlan, Dennis Hopper",,
Last Year at Marienbad,1961,94 min.,Alain Resnais,"Delphine Seyrig, Giorgio Albertazzi, Sacha Pitoeff",,
Mildred Pierce,1945,111 min.,Michael Curtiz,"Joan Crawford, Jack Carson, Zachary Scott",,
The Dark Knight Rises,2012,164 min.,Christopher Nolan,"Christian Bale, Tom Hardy, Anne Hathaway",,
The Road Warrior,1981,95 min.,George Miller,"Mel Gibson, Bruce Spence, Michael Preston",,
Toy Story 3,2010,102 min.,Lee Unkrich,"Tim Allen, Tom Hanks, John Ratzenberger",,
Bad Day at Black Rock,1955,81 min.,John Sturges,"Spencer Tracy, Robert Ryan, Anne Francis",,
True Romance,1993,121 min.,Tony Scott,"Christian Slater, Dennis Hopper, Gary Oldman",,
Stray Dog,1949,122 min.,Akira Kurosawa,"Toshirô Mifune, Takashi Shimura, Keiko Awaji",,
The Discreet Charm of the Bourgeoisie,1972,102 min.,Luis Buñuel,"Fernando Rey, Jean-Pierre Cassel, Stéphane Audran",,
The Nightmare Before Christmas,1993,76 min.,Henry Selick,"Chris Sarandon, William Hickey, Paul Reubens",,
The Dirty Dozen,1967,145 min.,Robert Aldrich,"Charles Bronson, Jim Brown, John Cassavetes",,
Men in Black,1997,98 min.,Barry Sonnenfeld,"Tommy Lee Jones, Will Smith, Linda Fiorentino",,
Belle de jour,1967,101 min.,Luis Buñuel,"Catherine Deneuve, Jean Sorel, Michel Piccoli",,
Almost Famous,2000,162 min.,Cameron Crowe,"Patrick Fugit, Billy Crudup, Kate Hudson",,
Logan,2017,135 min.,James Mangold,"Hugh Jackman, Patrick Stewart, Boyd Holbrook",,
Tombstone,1993,134 min.,George P. Cosmatos,"Kurt Russell, Val Kilmer, Sam Elliott",,
The Magnificent Ambersons,1942,88 min.,Orson Welles,"Joseph Cotten, Anne Baxter, Tim Holt",,
Pather Panchali,1955,122 min.,Satyajit Ray,"Kanu Bannerjee, Karuna Bannerjee, Subir Bannerjee",,
Perfect Blue,1997,81 min.,Satoshi Kon,"Junko Iwao, Rica Matsumoto, Shinpachi Tsuji",,
Akira,1988,124 min.,Katsuhiro Ôtomo,"Mitsuo Iwata, Nozomu Sasaki, Tesshô Genda",,
Pirates of the Caribbean: The Curse of the Black Pearl,2003,143 min.,Gore Verbinski,"Johnny Depp, Keira Knightley, Orlando Bloom",,
Being John Malkovich,1999,112 min.,Spike Jonze,"John Cusack, Cameron Diaz, John Malkovich",,
High Plains Drifter,1973,105 min.,Clint Eastwood,"Clint Eastwood, Verna Bloom, Marianna Hill",,
Boogie Nights,1997,156 min.,Paul Thomas Anderson,"Mark Wahlberg, Burt Reynolds, Julianne Moore",,
Total Recall,1990,113 min.,Paul Verhoeven,"Arnold Schwarzenegger, Rachel Ticotin, Sharon Stone",,
Cleo from 5 to 7,1962,90 min.,Agnès Varda,"Dominique Davray, Corinne Marchand, Antoine Bourseiller",,
Jules and Jim,1962,105 min.,François Truffaut,"Jeanne Moreau, Oskar Werner, Henri Serre",,
A Separation,2011,123 min.,Asghar Farhadi,"Peyman Maadi, Leila Hatami, Sareh Bayat",,
What Ever Happened to Baby Jane?,1962,134 min.,Robert Aldrich,"Bette Davis, Joan Crawford, Victor Buono",,
All That Jazz,1979,123 min.,Bob Fosse,"Roy Scheider, Jessica Lange, Leland Palmer",,
Your Name,2016,106 min.,Makoto Shinkai,"Ryunosuke Kamiki, Mone Kamishiraishi, Masami Nagasawa",,
Raising Arizona,1987,94 min.,Joel & Ethan Coen,"Nicolas Cage, Holly Hunter, Trey Wilson",,
Thief,1981,122 min.,Michael Mann,"Tuesday Weld, Willie Nelson, James Caan",,
Captain America: The Winter Soldier,2014,136 min.,"Anthony Russo, Joe Russo","Chris Evans, Scarlett Johansson, Samuel L. Jackson",,
Videodrome,1983,89 min.,David Cronenberg,"James Woods, Sonja Smits, Deborah Harry",,
Midnight Cowboy,1969,113 min.,John Schlesinger,"Dustin Hoffman, Jon Voight, Sylvia Miles",,
Moonrise Kingdom,2012,94 min.,Wes Anderson,"Bruce Willis, Edward Norton, Bill Murray",,
Avengers: Endgame,2019,183 min.,"Anthony Russo, Joe Russo","Robert Downey Jr., Chris Evans, Mark Ruffalo",,
Serenity,2005,119 min.,Joss Whedon,"Nathan Fillion, Adam Baldwin, Jewel Staite",,
Patton,1970,172 min.,Franklin J. Schaffner,"George C. Scott, Karl Malden, Edward Binns",,
Marty,1955,91 min.,Delbert Mann,"Ernest Borgnine, Betsy Blair, Jerry Paris",,
Kiki's Delivery Service,1989,103 min.,Hayao Miyazaki,"Minami Takayama, Rei Sakuma, Kappei Yamaguchi",,
Requiem for a Dream,2000,102 min.,Darren Aronofsky,"Ellen Burstyn, Jared Leto, Jennifer Connelly",,
The Man Who Would Be King,1975,129 min.,John Huston,"Michael Caine, Christopher Plummer, Sean Connery",,
All Quiet on the Western Front,1930,130 min.,Lewis Milestone,"Raymond Smith, George ""Slim"" Summerville, Lew Ayres",,
Fail-Safe,1964,112 min.,Sidney Lumet,"Dan O'Herlihy, Walter Matthau, Frank Overton",,
"Rome, Open City",1945,100 min.,Roberto Rossellini,"Aldo Fabrizi, Anna Magnani, Marcello Pagliero",,
Band of Outsiders,1964,95 min.,Jean-Luc Godard,"Anna Karina, Sami Frey, Claude Brasseur",,
Sin City,2005,124 min.,"Frank Miller, Robert Rodriguez, Quentin Tarantino","Bruce Willis, Mickey Rourke, Clive Owen",,
The Lady from Shanghai,1947,87 min.,Orson Welles,"Everett Sloane, Rita Hayworth, Ted de Corsia",,
Hud,1963,112 min.,Martin Ritt,"Paul Newman, Patricia Neal, Brandon de Wilde",,
Cinema Paradiso,1988,155 min.,Giuseppe Tornatore,"Philippe Noiret, Jacques Perrin, Salvatore Cascio",,
They Live,1988,93 min.,John Carpenter,"Roddy Piper, Keith David, Meg Foster",,
The Producers,1968,88 min.,Mel Brooks,"Zero Mostel, Gene Wilder, Kenneth Mars",,
Before Midnight,2013,108 min.,Richard Linklater,"Ethan Hawke, Julie Delpy, Seamus Davey-Fitzpatrick",,
Goldfinger,1964,110 min.,Guy Hamilton,"Sean Connery, Gert Fröbe, Honor Blackman",,
The Asphalt Jungle,1950,112 min.,John Huston,"Louis Calhern, James Whitmore, Sam Jaffe",,
Kiss Me Deadly,1955,104 min.,Robert Aldrich,"Ralph Meeker, Albert Dekker, Paul Stewart",,
The Purple Rose of Cairo,1985,82 min.,Woody Allen,"Mia Farrow, Jeff Daniels, Danny Aiello",,
The Circus,1928,71 min.,Charles Chaplin,"George Davis, Al Ernest Garcia, Charles Chaplin",,
Freaks,1932,64 min.,Tod Browning,"Wallace Ford, Leila Hyams, Olga Baclanova",,
Beauty and the Beast,1946,96 min.,Jean Cocteau,"Jean Marais, Josette Day, Mila Parely",,
Big,1988,104 min.,Penny Marshall,"Robert Loggia, Elizabeth Perkins, Jared Rushton",,
The Bourne Ultimatum,2007,115 min.,Paul Greengrass,"Matt Damon, Julia Stiles, David Strathairn",,
L'avventura,1960,141 min.,Michelangelo Antonioni,"Gabriele Ferzetti, Monica Vitti, Lea Massari",,
The Hunt,2012,106 min.,Thomas Vinterberg,"Mads Mikkelsen, Thomas Bo Larsen, Annika Wedderkopp",,
Pierrot le fou,1965,110 min.,Jean-Luc Godard,"Jean-Paul Belmondo, Anna Karina, Graziella Galvani",,
The Bourne Supremacy,2004,108 min.,Paul Greengrass,"Matt Damon, Franka Potente, Brian Cox",,
Enter the Dragon,1973,110 min.,Robert Clouse,"Bruce Lee, Jim Kelly, John Saxon",,
My Life to Live,1962,85 min.,Jean-Luc Godard,"Anna Karina, Guylaine Schlumberger, Eric Schlumberger",,
Spider-Man,2002,121 min.,Sam Raimi,"Tobey Maguire, Kirsten Dunst, Willem Dafoe",,
Prisoners,2013,146 min.,Denis Villeneuve,"Hugh Jackman, Jake Gyllenhaal, Viola Davis",,
After Hours,1985,97 min.,Martin Scorsese,"Griffin Dunne, Rosanna Arquette, Linda Fiorentino",,
Five Easy Pieces,1970,98 min.,Bob Rafelson,"Jack Nicholson, Karen Black, Billy Green Bush",,
Holiday,1938,95 min.,George Cukor,"Katharine Hepburn, Cary Grant, Doris Nolan",,
A Place in the Sun,1951,112 min.,George Stevens,"Montgomery Clift, Elizabeth Taylor, Shelley Winters",,
The Wrestler,2008,111 min.,Darren Aronofsky,"Mark Margolis, Todd Barry, Mickey Rourke",,
The Birds,1963,119 min.,Alfred Hitchcock,"Tippi Hedren, Suzanne Pleshette, Rod Taylor",,
Deep Red,1975,126 min.,Dario Argento,"David Hemmings, Daria Nicolodi, Gabriele Lavia",,
Man with a Movie Camera,1929,68 min.,Dziga Vertov,Mikhail Kaufman,,
The Evil Dead,1981,85 min.,Sam Raimi,"Bruce Campbell, Ellen Sandweiss, Betsy Baker",,
"Lock, Stock and Two Smoking Barrels",1998,107 min.,Guy Ritchie,"Jason Flemyng, Dexter Fletcher, Nick Moran",,
East of Eden,1955,115 min.,Elia Kazan,"Julie Harris, James Dean, Raymond Massey",,
The Phantom Carriage,1921,93 min.,Victor Sjöström,"Victor Sjostrom, Hilda Borgström, Tore Svennberg",,
Scott Pilgrim vs. the World,2010,111 min.,Edgar Wright,"Michael Cera, Mary Elizabeth Winstead, Chris Evans",,
Superbad,2007,113 min.,Greg Mottola,"Jonah Hill, Michael Cera, Christopher Mintz-Plasse",,
La La Land,2016,128 min.,Damien Chazelle,"Emma Stone, Ryan Gosling, Finn Wittrock",,
Black Swan,2010,103 min.,Darren Aronofsky,"Natalie Portman, Mila Kunis, Winona Ryder",,
Hiroshima mon amour,1959,90 min.,Alain Resnais,"Emmanuelle Riva, Eiji Okada",,
The Cameraman,1928,75 min.,Edward Sedgwick,"Buster Keaton, Sidney Bracey, Dick Alexander",,
Spaceballs,1987,96 min.,Mel Brooks,"Rick Moranis, Daphne Zuniga, John Candy",,
F for Fake,1973,85 min.,Orson Welles,"Joseph Cotten, Richard Wilson, Orson Welles",,
Ninotchka,1939,110 min.,Ernst Lubitsch,"Greta Garbo, Melvyn Douglas, Ina Claire",,
Through a Glass Darkly,1961,89 min.,Ingmar Bergman,"Harriet Andersson, Gunnar Björnstrand, Max von Sydow",,
Minority Report,2002,145 min.,Steven Spielberg,"Tom Cruise, Colin Farrell, Samantha Morton",,
Big Trouble in Little China,1986,99 min.,John Carpenter,"Kurt Russell, Kim Cattrall, James Hong",,
Animal Crackers,1930,97 min.,Victor Heerman,"Harpo Marx, Groucho Marx, Chico Marx",,
The Verdict,1982,129 min.,Sidney Lumet,"Paul Newman, Charlotte Rampling, Jack Warden",,
Serpico,1973,130 min.,Sidney Lumet,"Al Pacino, John Randolph, Jack Kehoe",,
Knives Out,2019,130 min.,Rian Johnson,"Daniel Craig, Chris Evans, Ana de Armas",,
Au Hasard Balthazar,1966,95 min.,Robert Bresson,"Anne Wiazemsky, Walter Green, François Lafarge",,
12 Years a Slave,2013,133 min.,Steve McQueen,"Chiwetel Ejiofor, Michael Fassbender, Benedict Cumberbatch",,
Rushmore,1998,93 min.,Wes Anderson,"Bill Murray, Olivia Williams, Brian Cox",,
Harry Potter and the Prisoner of Azkaban,2004,141 min.,Alfonso Cuarón,"Daniel Radcliffe, Rupert Grint, Emma Watson",,
The Right Stuff,1983,193 min.,Philip Kaufman,"Sam Shepard, Scott Glenn, Ed Harris",,
Inside Llewyn Davis,2013,105 min.,Joel & Ethan Coen,"Oscar Isaac, Carey Mulligan, Justin Timberlake",,
Kagemusha,1980,162 min.,Akira Kurosawa,"Tatsuya Nakadai, Tsutomu Yamazaki, Ken'ichi Hagiwara",,
My Darling Clementine,1946,97 min.,John Ford,"Henry Fonda, Victor Mature, Linda Darnell",,
The Warriors,1979,92 min.,Walter Hill,"Michael Beck, James Remar, Dorsey Wright",,
Day for Night,1973,115 min.,François Truffaut,"Jacqueline Bisset, Valentina Cortese, Alexandra Stewart",,
Straw Dogs,1971,118 min.,Sam Peckinpah,"Dustin Hoffman, Susan George, Peter Vaughan",,
Amarcord,1973,123 min.,Federico Fellini,"Bruno Zanin, Pupella Maggio, Ciccio Ingrassia",,
Gilda,1946,110 min.,Charles Vidor,"Joseph Calleia, Steven Geray, Rita Hayworth",,
Night and Fog,1956,32 min.,Alain Resnais,"Michel Bouquet, Reinhard Heydrich, Heinrich Himmler",,
Don't Look Now,1973,110 min.,Nicolas Roeg,"Julie Christie, Donald Sutherland, Hilary Mason",,
Once Upon a Time ...in Hollywood,2019,161 min.,Quentin Tarantino,"Leonardo DiCaprio, Brad Pitt, Margot Robbie",,
Cat on a Hot Tin Roof,1958,108 min.,Richard Brooks,"Paul Newman, Elizabeth Taylor, Burl Ives",,
High Fidelity,2000,113 min.,Stephen Frears,"John Cusack, Iben Hjejle, Todd Louiso",,
Hard Boiled,1992,126 min.,John Woo,"Chow Yun-Fat, Tony Leung Chiu Wai, Teresa Mo",,
"Steamboat Bill, Jr.",1928,71 min.,Charles Reisner,"Buster Keaton, Tom McGuire, Ernest Torrence",,
Anchorman: The Legend of Ron Burgundy,2004,94 min.,Adam McKay,"Will Ferrell, Christina Applegate, Paul Rudd",,
A Hard Day's Night,1964,87 min.,Richard Lester,"John Lennon, Paul McCartney, George Harrison",,
District 9,2009,112 min.,Neill Blomkamp,"Vanessa Haywood, Sharlto Copley, David James",,
Inherit the Wind,1960,128 min.,Stanley Kramer,"Fredric March, Spencer Tracy, Dick York",,
X-Men,2000,104 min.,Bryan Singer,"Hugh Jackman, Patrick Stewart, Ian McKellen",,
Animal House,1978,109 min.,John Landis,"John Belushi, Tom Hulce, Stephen Furst",,
Sabrina,1954,113 min.,Billy Wilder,"Humphrey Bogart, Audrey Hepburn, William Holden",,
Lethal Weapon,1987,117 min.,Richard Donner,"Mel Gibson, Danny Glover, Gary Busey",,
Nightcrawler,2014,117 min.,Dan Gilroy,"Jake Gyllenhaal, Bill Paxton, Rene Russo",,
Once Upon a Time in America,1984,229 min.,Sergio Leone,"Robert De Niro, James Woods, Elizabeth McGovern",,
Love and Death,1975,85 min.,Woody Allen,"Diane Keaton, Woody Allen, Despo Diamantidou",,
The Hangover,2009,96 min.,Todd Phillips,"Ed Helms, Zach Galifianakis, Justin Bartha",,
Zombieland,2009,80 min.,Ruben Fleischer,"Jesse Eisenberg, Woody Harrelson, Emma Stone",,
Captain America: Civil War,2016,147 min.,"Anthony Russo, Joe Russo","Chris Evans, Anthony Mackie, Sebastian Stan",,
Dawn of the Dead,1978,126 min.,George A. Romero,"David Emge, Ken Foree, Scott H. Reiniger",,
Marathon Man,1976,125 min.,John Schlesinger,"Dustin Hoffman, Laurence Olivier, Roy Scheider",,
Edge of Tomorrow,2014,113 min.,Doug Liman,"Tom Cruise, Emily Blunt, Bill Paxton",,
Breakfast at Tiffany's,1961,115 min.,Blake Edwards,"George Peppard, Patricia Neal, Buddy Ebsen",,
Oppenheimer,2023,180 min.,Christopher Nolan,"Cillian Murphy, Emily Blunt, Matt Damon",,
The Lion in Winter,1968,134 min.,Anthony Harvey,"Anthony Hopkins, Kenneth Griffith, Peter O'Toole",,
Lost in Translation,2003,102 min.,Sofia Coppola,"Bill Murray, Scarlett Johansson, Giovanni Ribisi",,
The Day the Earth Stood Still,1951,92 min.,Robert Wise,"Michael Rennie, Patricia Neal, Hugh Marlowe",,
Invasion of the Body Snatchers,1956,80 min.,Don Siegel,"Kevin McCarthy, Dana Wynter, Larry Gates",,
Die Hard With a Vengeance,1995,131 min.,John McTiernan,"Bruce Willis, Jeremy Irons, Samuel L. Jackson",,
From Here to Eternity,1953,118 min.,Fred Zinnemann,"Burt Lancaster, Montgomery Clift, Deborah Kerr",,
Lolita,1962,152 min.,Stanley Kubrick,"James Mason, Shelley Winters, Sue Lyon",,
Thor: Ragnarok,2017,130 min.,Taika Waititi,"Chris Hemsworth, Mark Ruffalo, Tom Hiddleston",,
Dazed and Confused,1993,103 min.,Richard Linklater,"Jason London, Wiley Wiggins, Matthew McConaughey",,
Spider-Man: Across the Spider-Verse,2023,140 min.,"Joaquim Dos Santos, Kemp Powers, Justin K. Thompson","Shameik Moore, Hailee Steinfeld, Oscar Isaac",,
Ratatouille,2007,111 min.,Brad Bird,"Peter O'Toole, Ian Holm, Janeane Garofalo",,
La jetée,1962,28 min.,Chris Marker,"Jean Négroni, Hélène Chatelain, Davos Hanich",,
Gone Girl,2014,145 min.,David Fincher,"Ben Affleck, Rosamund Pike, Carrie Coon",,
Au Revoir Les Enfants,1987,104 min.,Louis Malle,"Gaspard Manesse, Stanislas Carre de Malberg, Philippe Morier-Genoud",,
Midnight Run,1988,126 min.,Martin Brest,"Robert De Niro, Charles Grodin, Yaphet Kotto",,
3 Women,1977,124 min.,Robert Altman,"Sissy Spacek, Shelley Duvall, Janice Rule",,
The Lives of Others,2006,137 min.,Florian Henckel von Donnersmarck,"Martina Gedeck, Ulrich Mühe, Sebastian Koch",,
The Young Girls of Rochefort,1967,128 min.,Jacques Demy,"Catherine Deneuve, Françoise Dorléac, George Chakiris",,
Possession,1981,123 min.,Andrzej Zulawski,"Isabelle Adjani, Sam Neill, Margit Carstensen",,
Three Days of the Condor,1975,117 min.,Sydney Pollack,"Robert Redford, Faye Dunaway, Max von Sydow",,
The Decalogue,1989,550 min.,Krzysztof Kieslowski,"Artur Barcis, Olgierd Lukaszewicz, Olaf Lubaszenko",,
Eraserhead,1977,89 min.,David Lynch,"Jack Nance, Jeanne Bates, Judith Anna Roberts",,
Picnic at Hanging Rock,1975,115 min.,Peter Weir,"Jenny Lovell, Peter Collingwood, Margaret Nelson",,
Kwaidan,1964,183 min.,Masaki Kobayashi,"Rentaro Mikuni, Michiyo Aratama, Keiko Kishi",,
Gangs of New York,2002,167 min.,Martin Scorsese,"Leonardo DiCaprio, Daniel Day-Lewis, Jim Broadbent",,
Brick,2005,110 min.,Rian Johnson,"Joseph Gordon-Levitt, Nora Zehetner, Lukas Haas",,
The Killer,1989,111 min.,John Woo,"Chow Yun-Fat, Danny Lee, Sally Yeh",,
Caddyshack,1980,98 min.,Harold Ramis,"Chevy Chase, Rodney Dangerfield, Bill Murray",,
Spotlight,2015,128 min.,Tom McCarthy,"Michael Keaton, Mark Ruffalo, Rachel McAdams",,
Ball of Fire,1941,111 min.,Howard Hawks,"Barbara Stanwyck, Gary Cooper, S.Z. Sakall",,
Little Miss Sunshine,2006,101 min.,"Jonathan Dayton, Valerie Faris","Greg Kinnear, Toni Collette, Steve Carell",,
Slumdog Millionaire,2008,120 min.,"Danny Boyle, Loveleen Tandan","Dev Patel, Freida Pinto, Madhur Mittal",,
Raise the Red Lantern,1991,125 min.,Yimou Zhang,"Gong Li, Ding Weimin, Chu Xiao",,
The Martian,2015,130 min.,Ridley Scott,"Matt Damon, Chiwetel Ejiofor, Jeff Daniels",,
The Double Life of Veronique,1991,98 min.,Krzysztof Kieslowski,"Wladyslaw Kowalski, Irène Jacob, Halina Gryglaszewska",,
Hoop Dreams,1994,170 min.,Steve James,"Spike Lee, Sheila Agee, Gene Pingatore",,
Wayne's World,1992,94 min.,Penelope Spheeris,"Mike Myers, Dana Carvey, Rob Lowe",,
Ivan's Childhood,1962,95 min.,Andrei Tarkovsky,"Nikolay Burlyaev, Valentin Zubkov, Yevgeni Zharikov",,
1917,2019,118 min.,Sam Mendes,"Dean-Charles Chapman, George MacKay, Mark Strong",,
Lifeboat,1944,96 min.,Alfred Hitchcock,"Tallulah Bankhead, William Bendix, Walter Slezak",,
Cast Away,2000,143 min.,Robert Zemeckis,"Tom Hanks, Helen Hunt, Viveka Davis",,
The Jerk,1979,94 min.,Carl Reiner,"Steve Martin, Bernadette Peters, Catlin Adams",,
"What's Up, Doc?",1972,94 min.,Peter Bogdanovich,"Barbra Streisand, Ryan O'Neal, Kenneth Mars",,
A Christmas Story,1983,93 min.,Bob Clark,"Melinda Dillon, Darren McGavin, Peter Billingsley",,
Magnolia,1999,188 min.,Paul Thomas Anderson,"Philip Seymour Hoffman, John C. Reilly, Tom Cruise",,
Halloween,1978,91 min.,John Carpenter,"Donald Pleasence, Jamie Lee Curtis, Nancy Kyes",,
The Man Who Knew Too Much,1956,120 min.,Alfred Hitchcock,"James Stewart, Brenda de Banzie, Bernard Miles",,
The Killers,1946,103 min.,Robert Siodmak,"Ava Gardner, Albert Dekker, Jeff Corey",,
L'atalante,1934,89 min.,Jean Vigo,"Michel Simon, Dita Parlo, Jean Dasté",,
The Quiet Man,1952,129 min.,John Ford,"John Wayne, Victor McLaglen, Barry Fitzgerald",,
Bullitt,1968,114 min.,Peter Yates,"Steve McQueen, Robert Vaughn, Jacqueline Bisset",,
Howl's Moving Castle,2004,119 min.,Hayao Miyazaki,"Chieko Baisho, Takuya Kimura, Akihiro Miwa",,
"Planes, Trains & Automobiles",1987,93 min.,John Hughes,"Steve Martin, John Candy, Laila Robins",,
Once,2006,85 min.,John Carney,"Markéta Irglová, Glen Hansard, Hugh Walsh",,
Re-Animator,1985,95 min.,Stuart Gordon,"Jeffrey Combs, Bruce Abbott, Barbara Crampton",,
Duel,1971,74 min.,Steven Spielberg,"Dennis Weaver, Eddie Firestone, Gene Dynarski",,
Le trou,1960,132 min.,Jacques Becker,"Michel Constantin, Philippe Leroy, Jean Keraudy",,
Escape from New York,1981,99 min.,John Carpenter,"Kurt Russell, Lee Van Cleef, Ernest Borgnine",,
Sleuth,1972,138 min.,Joseph L. Mankiewicz,"Laurence Olivier, Michael Caine",,
House,1977,88 min.,Nobuhiko Ôbayashi,"Kimiko Ikegami, Kumiko Ohba, Yôko Minamida",,
Seconds,1966,107 min.,John Frankenheimer,"Rock Hudson, John Randolph, Will Geer",,
Cape Fear,1962,105 min.,J. Lee Thompson,"Gregory Peck, Robert Mitchum, Polly Bergen",,
The Royal Tenenbaums,2001,110 min.,Wes Anderson,"Ben Stiller, Gwyneth Paltrow, Luke Wilson",,
Scenes from a Marriage,1973,169 min.,Ingmar Bergman,"Bibi Andersson, Liv Ullmann, Erland Josephson",,
Battleship Potemkin,1925,75 min.,Sergei M. Eisenstein,"Aleksandr Antonov, Vladimir Barsky, Grigori Aleksandrov",,
Warrior,2011,141 min.,Gavin O'Connor,"Tom Hardy, Nick Nolte, Joel Edgerton",,
A Few Good Men,1992,138 min.,Rob Reiner,"Tom Cruise, Jack Nicholson, Demi Moore",,
"Kiss Kiss, Bang Bang",2005,103 min.,Shane Black,"Robert Downey Jr., Val Kilmer, Michelle Monaghan",,
You Can't Take It With You,1938,126 min.,Frank Capra,"Edward Arnold, Mischa Auer, James Stewart",,
Only Angels Have Wings,1939,121 min.,Howard Hawks,"Cary Grant, Jean Arthur, Richard Barthelmess",,
The Wicker Man,1973,100 min.,Robin Hardy,"Edward Woodward, Christopher Lee, Diane Cilento",,
I Saw the Devil,2010,144 min.,Jee-woon Kim,"Byung-hun Lee, Min-sik Choi, Gook-hwan Jeon",,
Forbidden Planet,1956,98 min.,Fred M. Wilcox,"Walter Pidgeon, Anne Francis, Leslie Nielsen",,
Spellbound,1945,111 min.,Alfred Hitchcock,"Ingrid Bergman, Gregory Peck, Michael Chekhov",,
Viridiana,1961,90 min.,Luis Buñuel,"Silvia Pinal, Fransisco Rabal, Fernando Rey",,
Pickup on South Street,1953,80 min.,Samuel Fuller,"Thelma Ritter, Richard Widmark, Jean Peters",,
Ali: Fear Eats the Soul,1974,94 min.,Rainer Werner Fassbinder,"Brigitte Mira, El Hedi ben Salem, Barbara Valentin",,
The Raid,2011,101 min.,Gareth Evans,"Iko Uwais, Joe Taslim, Doni Alamsyah",,
A Beautiful Mind,2001,135 min.,Ron Howard,"Russell Crowe, Ed Harris, Jennifer Connelly",,
Moonlight,2016,110 min.,Barry Jenkins,"Mahershala Ali, Trevante Rhodes, Janelle Monáe",,
Invasion of the Body Snatchers,1978,115 min.,Philip Kaufman,"Donald Sutherland, Brooke Adams, Veronica Cartwright",,
Contempt,1963,103 min.,Jean-Luc Godard,"Brigitte Bardot, Michel Piccoli, Jack Palance",,
The 40-Year-Old Virgin,2005,116 min.,Judd Apatow,"Steve Carell, Catherine Keener, Paul Rudd",,
Onibaba,1964,103 min.,Kaneto Shindô,"Taiji Tonoyama, Nobuko Otowa, Jitsuko Yoshimura",,
The Cranes are Flying,1957,94 min.,Mikhail Kalatozov,"Tatyana Samojlova, Aleksey Batalov, Aleksandr Shvorin",,
Birdman,2014,119 min.,Alejandro González Iñárritu,"Michael Keaton, Zach Galifianakis, Edward Norton",,
Suspicion,1941,99 min.,Alfred Hitchcock,"Cary Grant, Cedric Hardwicke, Nigel Bruce",,
From Russia with Love,1963,115 min.,Terence Young,"Sean Connery, Pedro Armendáriz, Lotte Lenya",,
Down by Law,1986,107 min.,Jim Jarmusch,"Tom Waits, John Lurie, Roberto Benigni",,
Independence Day,1996,153 min.,Roland Emmerich,"Will Smith, Bill Pullman, Jeff Goldblum",,
Giant,1956,201 min.,George Stevens,"Elizabeth Taylor, Rock Hudson, James Dean",,
Dr. No,1962,110 min.,Terence Young,"Sean Connery, Joseph Wiseman, Jack Lord",,
Dracula,1931,75 min.,Tod Browning,"Bela Lugosi, Helen Chandler, David Manners",,
Autumn Sonata,1978,99 min.,Ingmar Bergman,"Ingrid Bergman, Liv Ullmann, Lena Nyman",,
"They Shoot Horses, Don't They?",1969,129 min.,Sydney Pollack,"Susannah York, Jane Fonda, Red Buttons",,
Porco Rosso,1992,94 min.,Hayao Miyazaki,"Shûichirô Moriyama, Tokiko Katô, Sanshi Katsura",,
What We Do in the Shadows,2014,86 min.,"Jemaine Clement, Taika Waititi","Taika Waititi, Jemaine Clement, Jonathan Brugh",,
Watchmen,2009,162 min.,Zack Snyder,"Malin Akerman, Billy Crudup, Jackie Earle Haley",,
The Devil's Backbone,2001,106 min.,Guillermo del Toro,"Marisa Paredes, Eduardo Noriega, Federico Luppi",,
Spider-Man: No Way Home,2021,148 min.,Jon Watts,"Tom Holland, Benedict Cumberbatch, Alfred Molina",,
Battle Royale,2000,114 min.,Kinji Fukasaku,"Tatsuya Fujiwara, Chiaki Kuriyama, Aki Maeda",,
The Handmaiden,2016,144 min.,Chan-wook Park,"Min-hee Kim, Tae-ri Kim, Jung-woo Ha",,
Beauty and the Beast,1991,84 min.,"Gary Trousdale, Kirk Wise","Richard White, Jerry Orbach, Angela Lansbury",,
Skyfall,2012,120 min.,Sam Mendes,"Daniel Craig, Javier Bardem, Judi Dench",,
True Grit,2010,110 min.,Joel & Ethan Coen,"Jeff Bridges, Hailee Steinfeld, Matt Damon",,
Walkabout,1971,100 min.,Nicolas Roeg,"Jenny Agutter, Luc Roeg, David Gulpilil",,
The Fly,1986,95 min.,David Cronenberg,"Jeff Goldblum, Geena Davis, John Getz",,
Papillon,1973,150 min.,Franklin J. Schaffner,"Steve McQueen, Dustin Hoffman, E.J. Andre",,
Make Way for Tomorrow,1937,92 min.,Leo McCarey,"Victor Moore, Beulah Bondi, Fay Bainter",,
First Blood,1982,94 min.,Ted Kotcheff,"Sylvester Stallone, Richard Crenna, Brian Dennehy",,
The City of Lost Children,1995,112 min.,"Marc Caro, Jean-Pierre Jeunet","Ron Perlman, Daniel Emilfork, Judith Vittet",,
Mr. Deeds Goes To Town,1936,115 min.,Frank Capra,"George Bancroft, Gary Cooper, Jean Arthur",,
Angels with Dirty Faces,1938,97 min.,Michael Curtiz,"James Cagney, Pat O'Brien, Humphrey Bogart",,
Slap Shot,1977,123 min.,George Roy Hill,"Paul Newman, Strother Martin, Jennifer Warren",,
Gremlins,1984,106 min.,Joe Dante,"Zach Galligan, Phoebe Cates, Corey Feldman",,
Room,2015,118 min.,Lenny Abrahamson,"Brie Larson, Jacob Tremblay, Joan Allen",,
The Haunting,1963,112 min.,Robert Wise,"Julie Harris, Claire Bloom, Richard Johnson",,
Foreign Correspondent,1940,120 min.,Alfred Hitchcock,"Joel McCrea, Laraine Day, Herbert Marshall",,
Dune: Part Two,2024,166 min.,Denis Villeneuve,"Timothée Chalamet, Zendaya, Rebecca Ferguson",,
Withnail & I,1987,107 min.,Bruce Robinson,"Richard E. Grant, Richard Griffiths, Ralph Brown",,
Heathers,1988,102 min.,Michael Lehmann,"Winona Ryder, Christian Slater, Shannen Doherty",,
Spartacus,1960,184 min.,Stanley Kubrick,"Kirk Douglas, Laurence Olivier, Peter Ustinov",,
Hell or High Water,2016,102 min.,David Mackenzie,"Ben Foster, Chris Pine, Jeff Bridges",,
The Master,2012,144 min.,Paul Thomas Anderson,"Joaquin Phoenix, Philip Seymour Hoffman, Amy Adams",,
Jackie Brown,1997,154 min.,Quentin Tarantino,"Pam Grier, Samuel L. Jackson, Robert Forster",,
Near Dark,1987,94 min.,Kathryn Bigelow,"Adrian Pasdar, Jenny Wright, Lance Henriksen",,
Dogma,1999,130 min.,Kevin Smith,"Linda Fiorentino, Ben Affleck, Matt Damon",,
Fantastic Mr. Fox,2009,87 min.,Wes Anderson,"George Clooney, Bill Murray, Meryl Streep",,
Life Is Beautiful,1997,116 min.,Roberto Benigni,"Roberto Benigni, Nicoletta Braschi, Giorgio Cantarini",,
Trading Places,1983,116 min.,John Landis,"Dan Aykroyd, Eddie Murphy, Jamie Lee Curtis",,
Gone with the Wind,1939,238 min.,Victor Fleming,"Vivien Leigh, Clark Gable, Leslie Howard",,
The Intouchables,2011,112 min.,"Olivier Nakache, Éric Toledano","François Cluzet, Omar Sy, Anne Le Ny",,
The Thin Blue Line,1988,103 min.,Errol Morris,"Randall Adams, David Harris, Dale Holt",,
Yi Yi: A One and a Two,2000,173 min.,Edward Yang,"Nien-Jen Wu, Su-Yun Ko, Kelly Lee",,
The Iron Giant,1999,86 min.,Brad Bird,"Eli Marienthal, Vin Diesel, Harry Connick Jr.",,
Star Wars: The Force Awakens,2015,135 min.,J.J. Abrams,"Harrison Ford, Daisy Ridley, John Boyega",,
Naked,1993,131 min.,Mike Leigh,"Greg Cruttwell, Claire Skinner, David Thewlis",,
(500) Days of Summer,2009,95 min.,Marc Webb,"Joseph Gordon-Levitt, Zooey Deschanel, Geoffrey Arend",,
Blow-Up,1966,111 min.,Michelangelo Antonioni,"David Hemmings, Vanessa Redgrave, Sarah Miles",,
John Wick,2014,96 min.,Chad Stahelski,"Keanu Reeves, Michael Nyqvist, Alfie Allen",,
Before Sunset,2004,77 min.,Richard Linklater,"Ethan Hawke, Julie Delpy, Vernon Dobtcheff",,
"Crouching Tiger, Hidden Dragon",2000,120 min.,Ang Lee,"Ziyi Zhang, Cheng Pei-Pei, Chow Yun-Fat",,
Say Anything...,1989,100 min.,Cameron Crowe,"John Cusack, Ione Skye, John Mahoney",,
Baby Driver,2017,115 min.,Edgar Wright,"Ansel Elgort, Lily James, Jamie Foxx",,
Shrek,2001,90 min.,"Andrew Adamson, Vicky Jenson","Eddie Murphy, Cameron Diaz, Vincent Cassel",,
The Diving Bell and the Butterfly,2007,112 min.,Julian Schnabel,"Marie-Josée Croze, Marina Hands, Isaach de Bankolé",,
In Cold Blood,1967,134 min.,Richard Brooks,"Robert Blake, Scott Wilson, Paul Stewart",,
Smiles of a Summer Night,1955,108 min.,Ingmar Bergman,"Ulla Jacobsson, Eva Dahlbeck, Harriet Andersson",,
"Synecdoche, New York",2008,124 min.,Charlie Kaufman,"Michelle Williams, Catherine Keener, Philip Seymour Hoffman",,
The Karate Kid,1984,126 min.,John G. Avildsen,"Ralph Macchio, Pat Morita, Elisabeth Shue",,
Spider-Man 2,2004,127 min.,Sam Raimi,"Tobey Maguire, Kirsten Dunst, James Franco",,
The Player,1992,124 min.,Robert Altman,"Tim Robbins, Whoopi Goldberg, Peter Gallagher",,
Black Christmas,1974,98 min.,Bob Clark,"Olivia Hussey, Keir Dullea, Margot Kidder",,
Pickpocket,1959,75 min.,Robert Bresson,"Martin Lasalle, Marika Green, Jean Pélégri",,
Broadcast News,1987,133 min.,James L. Brooks,"William Hurt, Joan Cusack, Albert Brooks",,
Horse Feathers,1932,68 min.,Norman Z. McLeod,"Groucho Marx, Harpo Marx, Chico Marx",,
Unbreakable,2000,106 min.,M. Night Shyamalan,"Bruce Willis, Robin Wright, Charlayne Woodard",,
Cat People,1942,73 min.,Jacques Tourneur,"Simone Simon, Kent Smith, Tom Conway",,
Shutter Island,2010,138 min.,Martin Scorsese,"Ben Kingsley, Mark Ruffalo, Max von Sydow",,
Breaking Away,1979,101 min.,Peter Yates,"Dennis Christopher, Dennis Quaid, Daniel Stern",,
True Lies,1994,141 min.,James Cameron,"Jamie Lee Curtis, Bill Paxton, Tia Carrere",,
The Long Good Friday,1980,114 min.,John Mackenzie,"Bob Hoskins, Dave King, Eddie Constantine",,
Boyhood,2014,163 min.,Richard Linklater,"Ellar Coltrane, Ethan Hawke, Patricia Arquette",,
Bring Me the Head of Alfredo Garcia,1974,112 min.,Sam Peckinpah,"Warren Oates, Isela Vega, Robert Webber",,
The Vanishing,1988,107 min.,George Sluizer,"Bernard-Pierre Donnadieu, Gene Bervoets, Johanna ter Steege",,
The Spirit of the Beehive,1973,97 min.,Víctor Erice,"Ana Torrent, Fernando Fernán Gómez, Teresa Gimpera",,
American Graffiti,1973,110 min.,George Lucas,"Richard Dreyfuss, Ron Howard, Paul Le Mat",,
The Earrings of Madame de...,1953,105 min.,Max Ophüls,"Charles Boyer, Danielle Darrieux, Vittorio De Sica",,
Cabaret,1972,124 min.,Bob Fosse,"Liza Minnelli, Michael York, Helmut Griem",,
Dark City,1998,100 min.,Alex Proyas,"Rufus Sewell, William Hurt, Kiefer Sutherland",,
Gran Torino,2008,116 min.,Clint Eastwood,"Clint Eastwood, Ahney Her, Brian Haley",,
Clue,1985,94 min.,Jonathan Lynn,"Eileen Brennan, Tim Curry, Madeline Kahn",,
Inside Out,2015,94 min.,Pete Docter,"Amy Poehler, Phyllis Smith, Mindy Kaling",,
All That Heaven Allows,1955,89 min.,Douglas Sirk,"Jane Wyman, Rock Hudson, Agnes Moorehead",,
The Day of the Jackal,1973,143 min.,Fred Zinnemann,"Edward Fox, Alan Badel, Michel Auclair",,
From Dusk Till Dawn,1996,108 min.,Robert Rodriguez,"Harvey Keitel, George Clooney, Quentin Tarantino",,
300,2007,116 min.,Zack Snyder,"Gerard Butler, Lena Headey, Dominic West",,
Ed Wood,1994,127 min.,Tim Burton,"Martin Landau, Jeffrey Jones, Patricia Arquette",,
Poltergeist,1982,114 min.,Tobe Hooper,"JoBeth Williams, Craig T. Nelson, Heather O'Rourke",,
My Fair Lady,1964,170 min.,George Cukor,"Audrey Hepburn, Rex Harrison, Gladys Cooper",,
Back to the Future Part III,1990,118 min.,Robert Zemeckis,"Michael J. Fox, Christopher Lloyd, Mary Steenburgen",,
Superman,1978,143 min.,Richard Donner,"Marlon Brando, Gene Hackman, Christopher Reeve",,
The Texas Chain Saw Massacre,1974,83 min.,Tobe Hooper,"Marilyn Burns, Jim Siedow, Paul A. Partain",,
The Hateful Eight,2015,176 min.,Quentin Tarantino,"Samuel L. Jackson, Jennifer Jason Leigh, Kurt Russell",,
A Man for All Seasons,1966,120 min.,Fred Zinnemann,"Paul Scofield, Wendy Hiller, Robert Shaw",,
The Pianist,2002,150 min.,Roman Polanski,"Maureen Lipman, Adrien Brody, Frank Finlay",,
Adaptation,2002,114 min.,Spike Jonze,"Meryl Streep, Chris Cooper, Nicolas Cage",,
Manchester by the Sea,2016,135 min.,Kenneth Lonergan,"Casey Affleck, Lucas Hedges, C.J. Wilson",,
Pandora's Box,1929,133 min.,Georg Wilhelm Pabst,"Louise Brooks, Fritz Kortner, Francis Lederer",,
Waiting for Guffman,1996,84 min.,Christopher Guest,"Fred Willard, Catherine O'Hara, Parker Posey",,
Die Hard 2,1990,124 min.,Renny Harlin,"Bruce Willis, Bonnie Bedelia, William Sadler",,
Das Boot,1981,149 min.,Wolfgang Petersen,"Jürgen Prochnow, Herbert Gronemeyer, Klaus Wennemann",,
MASH,1970,116 min.,Robert Altman,"Donald Sutherland, Elliott Gould, Tom Skerritt",,
The Return of the Living Dead,1985,91 min.,Dan O'Bannon,"Clu Gulager, James Karen, Don Calfa",,
Top Gun: Maverick,2022,131 min.,Joseph Kosinski,"Tom Cruise, Jennifer Connelly, Miles Teller",,
The Natural,1984,134 min.,Barry Levinson,"Robert Duvall, Glenn Close, Kim Basinger",,
The Elephant Man,1980,124 min.,David Lynch,"Anthony Hopkins, John Hurt, Anne Bancroft",,
Faust: A German Folk Legend,1926,116 min.,F.W. Murnau,"Emil Jannings, Gosta Ekman, Camilla Horn",,
The Cabin in the Woods,2012,105 min.,Drew Goddard,"Kristen Connolly, Chris Hemsworth, Richard Jenkins",,
Titanic,1997,194 min.,James Cameron,"Leonardo DiCaprio, Kate Winslet, Billy Zane",,
Home Alone,1990,103 min.,Chris Columbus,"Macaulay Culkin, Catherine O'Hara, John Heard",,
Run Lola Run,1998,80 min.,Tom Tykwer,"Franka Potente, Moritz Bleibtreu, Herbert Knaup",,
Spider-Man: Homecoming,2017,134 min.,Jon Watts,"Tom Holland, Michael Keaton, Marisa Tomei",,
Short Term 12,2013,96 min.,Destin Daniel Cretton,"Brie Larson, John Gallagher Jr., Kaitlyn Dever",,
Moneyball,2011,133 min.,Bennett Miller,"Brad Pitt, Jonah Hill, Robin Wright",,
Top Gun,1986,110 min.,Tony Scott,"Tom Cruise, Val Kilmer, Kelly McGillis",,
Meet Me in St. Louis,1944,113 min.,Vincente Minnelli,"Margaret O'Brien, Lucille Bremer, Tom Drake",,
Deliverance,1972,109 min.,John Boorman,"Jon Voight, Burt Reynolds, Ned Beatty",,
