Title,Release Year,Duration,Director,Main Cast,Genre 1,Genre 2
Star Wars,1977,121 min.,George Lucas,Mark Hamill,Action,Adventure
The Empire Strikes Back,1980,127 min.,Irvin Kershner,Mark Hamill,Action,Adventure
The Godfather,1972,175 min.,Francis Ford Coppola,Marlon Brando,Based-on-20th-Century-Literature,Crime Drama
Raiders of the Lost Ark,1981,115 min.,Steven Spielberg,Harrison Ford,Action,Adventure
The Shawshank Redemption,1994,142 min.,Frank Darabont,Tim Robbins,Based-on-20th-Century-Literature,Buddy Film
Pulp Fiction,1994,154 min.,Quentin Tarantino,John Travolta,Black Comedy,Comedy Thriller
Return of the Jedi,1983,134 min.,Richard Marquand,Mark Hamill,Action,Adventure
Back to the Future,1985,116 min.,Robert Zemeckis,Michael J. Fox,Adventure Comedy,Adventure
Ikiru,1952,143 min.,Akira Kurosawa,Takashi Shimura,Based-on-19th-Century-Literature,Drama
The Godfather Part II,1974,200 min.,Francis Ford Coppola,Al Pacino,Based-on-20th-Century-Literature,Crime Drama
Harakiri,1962,133 min.,Masaki Kobayashi,Tatsuya Nakadai,Based-on-20th-Century-Literature,Drama
The Dark Knight,2008,152 min.,Christopher Nolan,Christian Bale,Action Thriller,Action
Fight Club,1999,139 min.,David Fincher,Brad Pitt,Based-on-20th-Century-Literature,Black Comedy
GoodFellas,1990,145 min.,Martin Scorsese,Robert De Niro,Based-on-20th-Century-Literature,Based-on-a-True-Story
Rear Window,1954,112 min.,Alfred Hitchcock,James Stewart,Based-on-20th-Century-Literature,Mystery
High and Low,1963,142 min.,Akira Kurosawa,Toshirô Mifune,Based-on-20th-Century-Literature,Crime Drama
City Lights,1931,87 min.,Charles Chaplin,Charles Chaplin,Comedy Drama,Comedy
Alien,1979,117 min.,Ridley Scott,Tom Skerritt,Body Horror,Cyborg / Android / Robot
The Silence of the Lambs,1991,118 min.,Jonathan Demme,Jodie Foster,Based-on-20th-Century-Literature,Cannibal Film
The Shining,1980,142 min.,Stanley Kubrick,Jack Nicholson,Based-on-20th-Century-Literature,Ghost Film
Indiana Jones and the Last Crusade,1989,127 min.,Steven Spielberg,River Phoenix,Action Comedy,Action
Reservoir Dogs,1992,99 min.,Quentin Tarantino,Harvey Keitel,Caper,Crime Thriller
The Apartment,1960,125 min.,Billy Wilder,Jack Lemmon,Comedy Drama,Drama
Se7en,1995,127 min.,David Fincher,Brad Pitt,Crime Thriller,Crime
Casablanca,1942,102 min.,Michael Curtiz,Humphrey Bogart,Based-on-Theatre,Drama
Seven Samurai,1954,207 min.,Akira Kurosawa,Toshirô Mifune,Action,Drama
The Matrix,1999,136 min.,The Wachowskis,Keanu Reeves,Action,Cyberpunk / Tech Noir
M,1931,99 min.,Fritz Lang,Peter Lorre,Crime Thriller,Crime
Die Hard,1988,131 min.,John McTiernan,Bruce Willis,Action Thriller,Action
Monty Python and the Holy Grail,1975,91 min.,"Terry Gilliam, Terry Jones",Graham Chapman,Absurd Comedy,Adventure Comedy
"The Good, the Bad and the Ugly",1966,161 min.,Sergio Leone,Eli Wallach,Foreign Language Film,Outlaw
One Flew Over the Cuckoo's Nest,1975,133 min.,Milos Forman,Jack Nicholson,Based-on-20th-Century-Literature,Comedy Drama
Double Indemnity,1944,107 min.,Billy Wilder,Fred MacMurray,Based-on-20th-Century-Literature,Crime Thriller
Sunrise: A Song of Two Humans,1927,94 min.,F.W. Murnau,George O'Brien,Drama,Marriage Drama
The Night of the Hunter,1955,92 min.,Charles Laughton,Robert Mitchum,Based-on-20th-Century-Literature,Crime Thriller
Yojimbo,1961,110 min.,Akira Kurosawa,Toshirô Mifune,Action,Adventure
Ghostbusters,1984,105 min.,Ivan Reitman,Bill Murray,Comedy,Fantasy Comedy
North by Northwest,1959,136 min.,Alfred Hitchcock,Cary Grant,Chase Movie,Mystery
The Lord of the Rings: The Fellowship of the Ring,2001,178 min.,Peter Jackson,Elijah Wood,Adventure,Based-on-20th-Century-Literature
Dr. Strangelove or: How I Learned to Stop Worrying and Love the Bomb,1964,93 min.,Stanley Kubrick,George C. Scott,Anti-War Film,Apocalyptic Film
The Third Man,1949,93 min.,Carol Reed,Joseph Cotten,British Noir,Film Noir
Citizen Kane,1941,119 min.,Orson Welles,Orson Welles,Drama,Newspaper Film
The Princess Bride,1987,98 min.,Rob Reiner,Cary Elwes,Adventure Comedy,Adventure
Rashômon,1950,88 min.,Akira Kurosawa,Toshirô Mifune,Based-on-20th-Century-Literature,Crime Drama
Terminator 2: Judgment Day,1991,137 min.,James Cameron,Arnold Schwarzenegger,Action Thriller,Action
Blade Runner,1982,117 min.,Ridley Scott,Harrison Ford,Based-on-20th-Century-Literature,Cyberpunk / Tech Noir
Taxi Driver,1976,113 min.,Martin Scorsese,Robert De Niro,Drama,New Hollywood
The Wages of Fear,1953,131 min.,Henri-Georges Clouzot,Yves Montand,Based-on-20th-Century-Literature,Foreign Language Film
The Usual Suspects,1995,106 min.,Bryan Singer,Stephen Baldwin,Crime Thriller,Crime
The Lord of the Rings: The Return of the King,2003,201 min.,Peter Jackson,Elijah Wood,Adventure,Based-on-20th-Century-Literature
Aliens,1986,137 min.,James Cameron,Sigourney Weaver,Action,Body Horror
Paths of Glory,1957,87 min.,Stanley Kubrick,Kirk Douglas,Anti-War Film,Based-on-20th-Century-Literature
Psycho,1960,109 min.,Alfred Hitchcock,Anthony Perkins,Based-on-20th-Century-Literature,Horror
Saving Private Ryan,1998,170 min.,Steven Spielberg,Tom Hanks,Combat Films,Drama
12 Angry Men,1957,96 min.,Sidney Lumet,Henry Fonda,Based-on-Television,Based-on-Theatre
Jurassic Park,1993,127 min.,Steven Spielberg,Sam Neill,Action,Based-on-20th-Century-Literature
Schindler's List,1993,195 min.,Steven Spielberg,Liam Neeson,Based-on-20th-Century-Literature,Based-on-a-True-Story
Persona,1966,85 min.,Ingmar Bergman,Bibi Andersson,Avant-garde / Experimental,Drama
Apocalypse Now,1979,153 min.,Francis Ford Coppola,Martin Sheen,Adventure Drama,Adventure
The Red Shoes,1948,133 min.,"Michael Powell, Emeric Pressburger",Moira Shearer,Based-on-19th-Century-Literature,Dance Film
The Passion of Joan of Arc,1928,110 min.,Carl Theodor Dreyer,Maria Falconetti,Based-on-a-True-Story,Biopic
Touch of Evil,1958,95 min.,Orson Welles,Charlton Heston,Crime,Film Noir
Vertigo,1958,129 min.,Alfred Hitchcock,James Stewart,Based-on-20th-Century-Literature,Femme Fatale
Forrest Gump,1994,142 min.,Robert Zemeckis,Tom Hanks,Americana,Comedy Drama
Jaws,1975,124 min.,Steven Spielberg,Roy Scheider,Adventure,Based-on-20th-Century-Literature
Chinatown,1974,131 min.,Roman Polanski,Faye Dunaway,Detective Film,Femme Fatale
Le samouraï,1967,105 min.,Jean-Pierre Melville,Alain Delon,Crime Thriller,Crime
Toy Story,1995,81 min.,John Lasseter,Don Rickles,Adventure,Animation
Bicycle Thieves,1948,93 min.,Vittorio De Sica,Lamberto Maggiorani,Coming-of-Age,Crime Drama
The Big Lebowski,1998,117 min.,Joel & Ethan Coen,Julianne Moore,Buddy Film,Comedy
A Clockwork Orange,1971,136 min.,Stanley Kubrick,Malcolm McDowell,Based-on-20th-Century-Literature,Dystopian Film
Come and See,1985,140 min.,Elem Klimov,Aleksei Kravchenko,Anti-War Film,Based-on-20th-Century-Literature
The Lord of the Rings: The Two Towers,2002,179 min.,Peter Jackson,Elijah Wood,Adventure,Based-on-20th-Century-Literature
Memento,2000,113 min.,Christopher Nolan,Guy Pearce,Crime Thriller,Crime
Ferris Bueller's Day Off,1986,103 min.,John Hughes,Matthew Broderick,Comedy,Coming-of-Age
The Treasure of the Sierra Madre,1948,126 min.,John Huston,Humphrey Bogart,Adventure Drama,Adventure
Tokyo Story,1953,136 min.,Yasujirô Ozu,Chishu Ryu,Drama,Family Drama
The General,1926,103 min.,"Clyde Bruckman, Buster Keaton",Buster Keaton,Action Comedy,Action
Full Metal Jacket,1987,116 min.,Stanley Kubrick,Matthew Modine,Anti-War Film,Based-on-20th-Century-Literature
The Terminator,1984,108 min.,James Cameron,Arnold Schwarzenegger,Action Thriller,Action
Fargo,1996,98 min.,Joel & Ethan Coen,Frances McDormand,Americana,Black Comedy
The 400 Blows,1959,99 min.,François Truffaut,Jean-Pierre Léaud,Childhood Drama,Coming-of-Age
Inception,2010,148 min.,Christopher Nolan,Leonardo DiCaprio,Action Thriller,Action
It Happened One Night,1934,105 min.,Frank Capra,Clark Gable,Comedy,Newspaper Film
Notorious,1946,101 min.,Alfred Hitchcock,Cary Grant,Film Noir,Mystery
Wild Strawberries,1957,91 min.,Ingmar Bergman,Victor Sjostrom,Drama,Foreign Language Film
Sunset Blvd.,1950,110 min.,Billy Wilder,William Holden,Drama,Femme Fatale
The Seventh Seal,1957,96 min.,Ingmar Bergman,Max von Sydow,Drama,Fantasy
The Departed,2006,151 min.,Martin Scorsese,Leonardo DiCaprio,Crime Drama,Crime Thriller
Ace in the Hole,1951,111 min.,Billy Wilder,Kirk Douglas,Black Comedy,Comedy Drama
Modern Times,1936,87 min.,Charles Chaplin,Charles Chaplin,Comedy,Satire
2001: A Space Odyssey,1968,141 min.,Stanley Kubrick,Keir Dullea,Adventure,Based-on-20th-Century-Literature
Strangers on a Train,1951,101 min.,Alfred Hitchcock,Farley Granger,Based-on-20th-Century-Literature,Crime Thriller
Grand Illusion,1937,114 min.,Jean Renoir,Jean Gabin,Anti-War Film,Drama
Batman Begins,2005,140 min.,Christopher Nolan,Christian Bale,Action,Action Thriller
The Professional,1994,110 min.,Luc Besson,Jean Reno,Action Thriller,Action
On the Waterfront,1954,108 min.,Elia Kazan,Marlon Brando,Crime Drama,Crime
Stalker,1979,163 min.,Andrei Tarkovsky,Aleksandr Kaidanovsky,Adventure Drama,Adventure
Rocky,1976,119 min.,John G. Avildsen,Sylvester Stallone,Drama,New Hollywood
8½,1963,138 min.,Federico Fellini,Marcello Mastroianni,Comedy Drama,Drama
In a Lonely Place,1950,94 min.,Nicholas Ray,Humphrey Bogart,Crime Drama,Crime
Inglourious Basterds,2009,153 min.,Quentin Tarantino,Melanie Laurent,Adventure,Revenge Film
Throne of Blood,1957,109 min.,Akira Kurosawa,Toshirô Mifune,Action Thriller,Action
Network,1976,121 min.,Sidney Lumet,Faye Dunaway,Black Comedy,Comedy Drama
Indiana Jones and the Temple of Doom,1984,118 min.,Steven Spielberg,Harrison Ford,Action,Adventure
The Philadelphia Story,1940,112 min.,George Cukor,Cary Grant,Based-on-Theatre,Comedy
Sweet Smell of Success,1957,96 min.,Alexander Mackendrick,Burt Lancaster,Drama,Film Noir
The Man Who Shot Liberty Valance,1962,123 min.,John Ford,John Wayne,Drama,Outlaw
The Conversation,1974,113 min.,Francis Ford Coppola,Gene Hackman,Drama,New Hollywood
All About Eve,1950,138 min.,Joseph L. Mankiewicz,Bette Davis,Comedy Drama,Drama
A Matter of Life and Death,1946,104 min.,"Michael Powell, Emeric Pressburger",David Niven,Fantasy,Romance
Cool Hand Luke,1967,126 min.,Stuart Rosenberg,Paul Newman,Drama,New Hollywood
Groundhog Day,1993,101 min.,Harold Ramis,Bill Murray,Comedy,Fantasy Comedy
Raging Bull,1980,129 min.,Martin Scorsese,Robert De Niro,Based-on-20th-Century-Literature,Based-on-a-True-Story
The Rules of the Game,1939,110 min.,Jean Renoir,Nora Gregor,Comedy Drama,Drama
Shadow of a Doubt,1943,108 min.,Alfred Hitchcock,Teresa Wright,Crime Thriller,Crime
His Girl Friday,1940,92 min.,Howard Hawks,Cary Grant,Based-on-Theatre,Comedy
Good Will Hunting,1997,126 min.,Gus Van Sant,Matt Damon,Coming-of-Age,Drama
Out of the Past,1947,97 min.,Jacques Tourneur,Robert Mitchum,Based-on-20th-Century-Literature,Crime
Badlands,1973,95 min.,Terrence Malick,Sissy Spacek,Americana,Based-on-a-True-Story
Sherlock Jr.,1924,45 min.,Buster Keaton,Buster Keaton,Action Comedy,Comedy
Whiplash,2014,106 min.,Damien Chazelle,Miles Teller,Drama,Psychological Drama
La Dolce Vita,1960,180 min.,Federico Fellini,Marcello Mastroianni,Comedy Drama,Drama
The Maltese Falcon,1941,100 min.,John Huston,Humphrey Bogart,Based-on-20th-Century-Literature,Crime
The Big Sleep,1946,114 min.,Howard Hawks,Lauren Bacall,Based-on-20th-Century-Literature,Detective Film
Shaun of the Dead,2004,99 min.,Edgar Wright,Simon Pegg,Apocalyptic Film,Black Comedy
The Thing,1982,109 min.,John Carpenter,Kurt Russell,Alien Invasion Films,Based-on-20th-Century-Literature
Kill Bill Vol. 1,2003,111 min.,Quentin Tarantino,Uma Thurman,Action Thriller,Action
Aguirre: The Wrath of God,1972,93 min.,Werner Herzog,Klaus Kinski,Adventure Drama,Adventure
No Country for Old Men,2007,122 min.,Joel & Ethan Coen,Tommy Lee Jones,Based-on-21st-Century-Literature,Crime Thriller
The Lion King,1994,89 min.,"Roger Allers, Rob Minkoff",Matthew Broderick,Adventure,Animated Musical
In the Mood for Love,2000,98 min.,Wong Kar-Wai,Tony Leung Chiu Wai,Drama,Foreign Language Film
The Great Dictator,1940,125 min.,Charles Chaplin,Charles Chaplin,Anti-War Film,Comedy Drama
The Gold Rush,1925,96 min.,Charles Chaplin,Charles Chaplin,Adventure Comedy,Adventure
Gladiator,2000,155 min.,Ridley Scott,Russell Crowe,Action,Adventure Drama
Diabolique,1955,116 min.,Henri-Georges Clouzot,Simone Signoret,Based-on-20th-Century-Literature,Crime
Stand by Me,1986,89 min.,Rob Reiner,River Phoenix,Adventure Drama,Adventure
Parasite,2019,132 min.,Bong Joon Ho,Kang-ho Song,Black Comedy,Comedy Drama
Rope,1948,80 min.,Alfred Hitchcock,James Stewart,Based-on-a-True-Story,Based-on-Theatre
Memories of Murder,2003,130 min.,Bong Joon Ho,Kang-ho Song,Based-on-a-True-Story,Crime Drama
The Searchers,1956,119 min.,John Ford,John Wayne,Epic,Revisionist Western
My Neighbor Totoro,1988,86 min.,Hayao Miyazaki,Noriko Hidaka,Adventure,Animation
Anatomy of a Murder,1959,160 min.,Otto Preminger,James Stewart,Courtroom Drama,Drama
Eternal Sunshine of the Spotless Mind,2004,108 min.,Michel Gondry,Jim Carrey,Comedy Drama,Drama
The Breakfast Club,1985,97 min.,John Hughes,Emilio Estevez,Comedy Drama,Coming-of-Age
The Thin Man,1934,91 min.,W.S. Van Dyke,William Powell,Based-on-20th-Century-Literature,Comedy Thriller
American History X,1998,119 min.,Tony Kaye,Edward Norton,Crime,Crime Drama
Office Space,1999,89 min.,Mike Judge,Stephen Root,Black Comedy,Comedy
Days of Heaven,1978,94 min.,Terrence Malick,Richard Gere,Costume Romance,Drama
It's a Wonderful Life,1946,130 min.,Frank Capra,James Stewart,Americana,Comedy Drama
The Killing,1956,85 min.,Stanley Kubrick,Sterling Hayden,Based-on-20th-Century-Literature,Caper
Bringing Up Baby,1938,102 min.,Howard Hawks,Katharine Hepburn,Comedy,Romance
Fanny and Alexander,1982,188 min.,Ingmar Bergman,Ewa Fröling,Childhood Drama,Drama
Sullivan's Travels,1941,90 min.,Preston Sturges,Joel McCrea,Comedy,Road Movie
Rififi,1955,122 min.,Jules Dassin,Jean Servais,Caper,Crime Thriller
Butch Cassidy and the Sundance Kid,1969,110 min.,George Roy Hill,Paul Newman,Buddy Film,New Hollywood
A Fistful of Dollars,1964,99 min.,Sergio Leone,Clint Eastwood,Action,Foreign Language Film
Rio Bravo,1959,141 min.,Howard Hawks,John Wayne,Buddy Film,Traditional Western
The Wizard of Oz,1939,101 min.,Victor Fleming,Judy Garland,Adventure,Based-on-19th-Century-Literature
Unforgiven,1992,131 min.,Clint Eastwood,Clint Eastwood,Outlaw,Prostitution Film
Once Upon a Time in the West,1968,165 min.,Sergio Leone,Charles Bronson,Ensemble Film,Epic
Rebecca,1940,130 min.,Alfred Hitchcock,Laurence Olivier,Based-on-20th-Century-Literature,Film Noir
Brief Encounter,1945,86 min.,David Lean,Celia Johnson,Based-on-Theatre,Drama
Laura,1944,88 min.,Otto Preminger,Gene Tierney,Crime Thriller,Crime
Ran,1985,162 min.,Akira Kurosawa,Tatsuya Nakadai,Action,Based-on-Shakespeare
For a Few Dollars More,1965,132 min.,Sergio Leone,Clint Eastwood,Foreign Language Film,Spaghetti Western
Iron Man,2008,126 min.,Jon Favreau,Robert Downey Jr.,Action,Based-on-Comics
The Best Years of Our Lives,1946,172 min.,William Wyler,Fredric March,Americana,Based-on-20th-Century-Literature
Annie Hall,1977,93 min.,Woody Allen,Woody Allen,Comedy of Manners,Comedy
"Paris, Texas",1984,147 min.,Wim Wenders,Harry Dean Stanton,Drama,New German Cinema
Stalag 17,1953,120 min.,Billy Wilder,Robert Strauss,Comedy Drama,Drama
Mr. Smith Goes to Washington,1939,129 min.,Frank Capra,James Stewart,Americana,Comedy Drama
Duck Soup,1933,68 min.,Leo McCarey,Harpo Marx,Absurd Comedy,Comedy
Lawrence of Arabia,1962,227 min.,David Lean,Peter O'Toole,Adventure Drama,Adventure
To Be or Not to Be,1942,99 min.,Ernst Lubitsch,Carole Lombard,Comedy,Farce
The Prestige,2006,130 min.,Christopher Nolan,Hugh Jackman,Mindbender,Period Film
The Sting,1973,129 min.,George Roy Hill,Paul Newman,Buddy Film,Comedy
Back to the Future Part II,1989,108 min.,Robert Zemeckis,Michael J. Fox,Adventure,Adventure Comedy
Charade,1963,113 min.,Stanley Donen,James Coburn,Comedy Thriller,Comedy
Chungking Express,1994,98 min.,Wong Kar-Wai,Brigitte Lin,Drama,Foreign Language Film
Dog Day Afternoon,1975,125 min.,Sidney Lumet,Al Pacino,Based-on-a-True-Story,Caper
All the President's Men,1976,138 min.,Alan J. Pakula,Jason Robards,Based-on-a-True-Story,Docudrama
Witness for the Prosecution,1957,116 min.,Billy Wilder,Tyrone Power,Based-on-20th-Century-Literature,Courtroom Drama
Andrei Rublev,1966,205 min.,Andrei Tarkovsky,Anatoli Solonitsyn,Based-on-a-True-Story,Biopic
The Kid,1921,68 min.,Charles Chaplin,Charles Chaplin,Drama,Silent Film
The Graduate,1967,105 min.,Mike Nichols,Dustin Hoffman,Comedy Drama,Comedy of Manners
The Great Escape,1963,172 min.,John Sturges,Steve McQueen,Adventure,Based-on-20th-Century-Literature
City of God,2002,130 min.,"Fernando Meirelles, Kátia Lund",Leandro Firmino da Hora,Based-on-20th-Century-Literature,Coming-of-Age
The Hidden Fortress,1958,139 min.,Akira Kurosawa,Toshirô Mifune,Adventure,Costume Adventure
Willy Wonka & the Chocolate Factory,1971,100 min.,Mel Stuart,Jack Albertson,Adventure,Based-on-20th-Century-Literature
The King of Comedy,1982,109 min.,Martin Scorsese,Robert De Niro,Black Comedy,New Hollywood
The Battle of Algiers,1966,121 min.,Gillo Pontecorvo,Brahim Hadjadj,Docudrama,Drama
Metropolis,1927,153 min.,Fritz Lang,Alfred Abel,Cyberpunk / Tech Noir,Cyborg / Android / Robot
Breathless,1960,90 min.,Jean-Luc Godard,Jean-Paul Belmondo,Crime Drama,Crime
E.T.: The Extra-Terrestrial,1982,115 min.,Steven Spielberg,Dee Wallace,Adventure Drama,Adventure
The Life and Death of Colonel Blimp,1943,163 min.,"Michael Powell, Emeric Pressburger",Roger Livesey,Costume Romance,Drama
The Long Goodbye,1973,112 min.,Robert Altman,Elliott Gould,Based-on-20th-Century-Literature,Crime Thriller
Django Unchained,2012,165 min.,Quentin Tarantino,Jamie Foxx,Drama,Revenge Film
The Shop Around the Corner,1940,99 min.,Ernst Lubitsch,Margaret Sullavan,Comedy,Drama
WALL·E,2008,98 min.,Andrew Stanton,Fred Willard,Adventure Comedy,Animation
To Kill a Mockingbird,1962,129 min.,Robert Mulligan,Gregory Peck,Based-on-20th-Century-Literature,Childhood Drama
Scarface,1983,170 min.,Brian De Palma,Al Pacino,Crime Drama,Crime Thriller
The Hustler,1961,134 min.,Robert Rossen,Paul Newman,Addiction Drama,Con Artist / Hustler
Dial M for Murder,1954,105 min.,Alfred Hitchcock,Ray Milland,Based-on-Theatre,Crime Thriller
12 Monkeys,1995,129 min.,Terry Gilliam,Bruce Willis,Cyberpunk / Tech Noir,Dystopian Film
The Wild Bunch,1969,145 min.,Sam Peckinpah,William Holden,Action,New Hollywood
Ugetsu,1953,94 min.,Kenji Mizoguchi,Masayuki Mori,Costume Romance,Drama
American Beauty,1999,122 min.,Sam Mendes,Kevin Spacey,Comedy Drama,Coming-of-Age
The Lady Vanishes,1938,97 min.,Alfred Hitchcock,Margaret Lockwood,Based-on-20th-Century-Literature,Comedy Thriller
The Incredibles,2004,115 min.,Brad Bird,Craig T. Nelson,Action Comedy,Action
Braveheart,1995,177 min.,Mel Gibson,Mel Gibson,Adventure Drama,Adventure
The French Connection,1971,104 min.,William Friedkin,Gene Hackman,Action Thriller,Action
Bride of Frankenstein,1935,75 min.,James Whale,Boris Karloff,Based-on-19th-Century-Literature,Gothic Film
Army of Shadows,1969,145 min.,Jean-Pierre Melville,Lino Ventura,Drama,Foreign Language Film
The Bridge on the River Kwai,1957,161 min.,David Lean,William Holden,Based-on-20th-Century-Literature,Drama
Young Frankenstein,1974,106 min.,Mel Brooks,Gene Wilder,Comedy,Horror Comedy
Grave of the Fireflies,1988,89 min.,Isao Takahata,Tsutomu Tatsumi,Animation,Anime
Black Narcissus,1947,100 min.,"Michael Powell, Emeric Pressburger",Deborah Kerr,Based-on-20th-Century-Literature,Drama
Miller's Crossing,1990,120 min.,Joel & Ethan Coen,Gabriel Byrne,Crime Drama,Crime Thriller
Mad Max: Fury Road,2015,120 min.,George Miller,Tom Hardy,Action Thriller,Action
Woman in the Dunes,1964,123 min.,Hiroshi Teshigahara,Eiji Okada,Avant-garde / Experimental,Based-on-20th-Century-Literature
My Man Godfrey,1936,94 min.,Gregory La Cava,William Powell,Comedy of Manners,Comedy
Airplane!,1980,88 min.,"Jim Abrahams, David Zucker, Jerry Zucker",Robert Hays,Absurd Comedy,Comedy
Sanjuro,1962,96 min.,Akira Kurosawa,Toshirô Mifune,Action,Adventure
Life of Brian,1979,94 min.,Terry Jones,Graham Chapman,Absurd Comedy,Based-on-Television
Barry Lyndon,1975,184 min.,Stanley Kubrick,Ryan O'Neal,Based-on-19th-Century-Literature,Drama
High Noon,1952,85 min.,Fred Zinnemann,Gary Cooper,Western,
The Goonies,1985,114 min.,Richard Donner,Sean Astin,Adventure Comedy,Adventure
Finding Nemo,2003,100 min.,Andrew Stanton,Albert Brooks,Adventure,Adventure Comedy
Nausicaä of the Valley of the Wind,1984,117 min.,Hayao Miyazaki,Sumi Shimamoto,Adventure,Animation
Singin' in the Rain,1952,103 min.,"Stanley Donen, Gene Kelly",Gene Kelly,Comedy,Jukebox Musical
The Sixth Sense,1999,107 min.,M. Night Shyamalan,Bruce Willis,Childhood Drama,Drama
Who's Afraid of Virginia Woolf?,1966,131 min.,Mike Nichols,Elizabeth Taylor,Based-on-Theatre,Drama
Spirited Away,2001,125 min.,Hayao Miyazaki,Rumi Hîragi,Adventure,Animation
A Face in the Crowd,1957,125 min.,Elia Kazan,Andy Griffith,Drama,Media Satire
Manhattan,1979,96 min.,Woody Allen,Woody Allen,Comedy Drama,Comedy of Manners
Predator,1987,107 min.,John McTiernan,Arnold Schwarzenegger,Action,Alien Invasion Films
Kill Bill Vol. 2,2004,136 min.,Quentin Tarantino,Uma Thurman,Action Thriller,Action
Oldboy,2003,120 min.,Chan-wook Park,Dal-su Oh,Based-on-Comics,Based-on-Manga
White Heat,1949,114 min.,Raoul Walsh,James Cagney,Crime Thriller,Crime
The Bourne Identity,2002,119 min.,Doug Liman,Matt Damon,Action Thriller,Action
Paper Moon,1973,102 min.,Peter Bogdanovich,Ryan O'Neal,Comedy Drama,Con Artist / Hustler
The Green Mile,1999,188 min.,Frank Darabont,Tom Hanks,Based-on-20th-Century-Literature,Drama
A Man Escaped,1956,99 min.,Robert Bresson,François Leterrier,Docudrama,Drama
The Avengers,2012,142 min.,Joss Whedon,Robert Downey Jr.,Action,Adventure
Children of Men,2006,109 min.,Alfonso Cuarón,Clive Owen,Action Thriller,Action
The Truman Show,1998,103 min.,Peter Weir,Jim Carrey,Comedy Drama,Drama
Pan's Labyrinth,2006,119 min.,Guillermo del Toro,Ivana Baquero,Drama,Fairy Tales and Legends
Ocean's Eleven,2001,116 min.,Steven Soderbergh,George Clooney,Caper,Comedy
Stagecoach,1939,96 min.,John Ford,John Wayne,Action,Adventure Drama
Some Like It Hot,1959,120 min.,Billy Wilder,Marilyn Monroe,Comedy of Errors,Comedy
The Untouchables,1987,119 min.,Brian De Palma,Kevin Costner,Crime Thriller,Crime
Late Spring,1949,108 min.,Yasujirô Ozu,Setsuko Hara,Drama,Family Drama
Heat,1995,188 min.,Michael Mann,Al Pacino,Action Thriller,Action
"O Brother, Where Art Thou?",2000,107 min.,Joel & Ethan Coen,George Clooney,Americana,Buddy Film
Roman Holiday,1953,118 min.,William Wyler,Audrey Hepburn,Comedy,Romance
There Will Be Blood,2007,158 min.,Paul Thomas Anderson,Daniel Day-Lewis,Based-on-20th-Century-Literature,Drama
Rain Man,1988,133 min.,Barry Levinson,Dustin Hoffman,Drama,Family Drama
The Exorcist,1973,122 min.,William Friedkin,Ellen Burstyn,Based-on-20th-Century-Literature,Drama
Arsenic and Old Lace,1944,118 min.,Frank Capra,Priscilla Lane,Based-on-Theatre,Black Comedy
The Magnificent Seven,1960,128 min.,John Sturges,Yul Brynner,Buddy Film,Ensemble Film
Sansho the Bailiff,1954,124 min.,Kenji Mizoguchi,Kyoko Kagawa,Drama,Foreign Language Film
The Deer Hunter,1978,182 min.,Michael Cimino,Robert De Niro,Anti-War Film,Drama
The Last Picture Show,1971,118 min.,Peter Bogdanovich,Timothy Bottoms,Americana,Coming-of-Age
Trainspotting,1996,94 min.,Danny Boyle,Ewan McGregor,Addiction Drama,Buddy Film
Blazing Saddles,1974,93 min.,Mel Brooks,Cleavon Little,Comedy Western,Comedy
Snatch.,2000,102 min.,Guy Ritchie,Benicio Del Toro,Black Comedy,Caper
Batman,1989,126 min.,Tim Burton,Michael Keaton,Action,Based-on-Comics
The Blues Brothers,1980,148 min.,John Landis,John Belushi,Absurd Comedy,Action Comedy
The Fugitive,1993,130 min.,Andrew Davis,Harrison Ford,Action Thriller,Action
The Umbrellas of Cherbourg,1964,91 min.,Jacques Demy,Catherine Deneuve,Drama,Foreign Language Film
"Monsters, Inc.",2001,92 min.,Pete Docter,Billy Crystal,Animation,Comedy
Suspiria,1977,98 min.,Dario Argento,Jessica Harper,Fantasy,Gothic Film
Le Cercle Rouge,1970,140 min.,Jean-Pierre Melville,François Perier,Caper,Crime Thriller
Nights of Cabiria,1957,117 min.,Federico Fellini,Giulietta Masina,Drama,Foreign Language Film
L.A. Confidential,1997,138 min.,Curtis Hanson,Kevin Spacey,Based-on-20th-Century-Literature,Crime Drama
The Innocents,1961,100 min.,Jack Clayton,Deborah Kerr,Based-on-19th-Century-Literature,British New Wave
The Virgin Spring,1960,89 min.,Ingmar Bergman,Max von Sydow,Crime Drama,Crime
Catch Me If You Can,2002,141 min.,Steven Spielberg,Leonardo DiCaprio,Based-on-20th-Century-Literature,Based-on-a-True-Story
Guardians of the Galaxy,2014,122 min.,James Gunn,Chris Pratt,Action,Adventure
McCabe & Mrs. Miller,1971,120 min.,Robert Altman,Warren Beatty,Based-on-20th-Century-Literature,Drama
Bonnie and Clyde,1967,112 min.,Arthur Penn,Warren Beatty,Drama,Based-on-a-True-Story
The Fifth Element,1997,126 min.,Luc Besson,Bruce Willis,Action,Adventure
The Exterminating Angel,1962,95 min.,Luis Buñuel,Silvia Pinal,Comedy Drama,Comedy of Manners
A Night at the Opera,1935,91 min.,Sam Wood,Groucho Marx,Absurd Comedy,Comedy
Solaris,1972,169 min.,Andrei Tarkovsky,Natalya Bondarchuk,Adventure Drama,Adventure
Blow Out,1981,108 min.,Brian De Palma,John Travolta,New Hollywood,Paranoid Thriller
Toy Story 2,1999,92 min.,John Lasseter,Tom Hanks,Adventure,Animation
Wings of Desire,1987,128 min.,Wim Wenders,Bruno Ganz,Fantasy,Foreign Language Film
Brazil,1985,94 min.,Terry Gilliam,Jonathan Pryce,Black Comedy,Dystopian Film
The 39 Steps,1935,86 min.,Alfred Hitchcock,Robert Donat,Based-on-20th-Century-Literature,Chase Movie
Fitzcarraldo,1982,158 min.,Werner Herzog,Klaus Kinski,Adventure Drama,Adventure
Repulsion,1965,105 min.,Roman Polanski,Catherine Deneuve,Horror,Psychological Horror
Safety Last!,1923,70 min.,"Fred C. Newmeyer, Sam Taylor",Harold Lloyd,Adventure Comedy,Adventure
Do the Right Thing,1989,120 min.,Spike Lee,Spike Lee,Drama,Ensemble Film
This Is Spinal Tap,1984,82 min.,Rob Reiner,Rob Reiner,Comedy,Mockumentary
Platoon,1986,120 min.,Oliver Stone,Charlie Sheen,Action,Anti-War Film
Winter Light,1963,81 min.,Ingmar Bergman,Gunnar Björnstrand,Drama,Foreign Language Film
Avengers: Infinity War,2018,156 min.,"Anthony Russo, Joe Russo",Robert Downey Jr.,Action,Adventure
Let the Right One In,2008,115 min.,Tomas Alfredson,Kåre Hedebrant,Based-on-21st-Century-Literature,Childhood Drama
Children of Paradise,1945,190 min.,Marcel Carné,Pierre Renoir,Costume Romance,Drama
Castle in the Sky,1986,124 min.,Hayao Miyazaki,Keiko Yokozawa,Adventure,Animation
Harold and Maude,1971,91 min.,Hal Ashby,Ruth Gordon,Black Comedy,Coming-of-Age
Nashville,1975,159 min.,Robert Altman,Ned Beatty,Americana,Drama
Hot Fuzz,2007,121 min.,Edgar Wright,Simon Pegg,Action Comedy,Action
Mean Streets,1973,112 min.,Martin Scorsese,Robert De Niro,Coming-of-Age,Crime Drama
Being There,1979,130 min.,Hal Ashby,Peter Sellers,Comedy Drama,Drama
The Lady Eve,1941,94 min.,Preston Sturges,Barbara Stanwyck,Comedy,Con Artist / Hustler
Frankenstein,1931,71 min.,James Whale,Colin Clive,Based-on-19th-Century-Literature,Gothic Film
The Social Network,2010,120 min.,David Fincher,Jesse Eisenberg,Based-on-21st-Century-Literature,Based-on-a-True-Story
Amadeus,1984,160 min.,Milos Forman,F. Murray Abraham,Based-on-a-True-Story,Based-on-Theatre
Crimes and Misdemeanors,1989,104 min.,Woody Allen,Martin Landau,Comedy Drama,Drama
Aladdin,1992,90 min.,"Ron Clements, John Musker",Scott Weinger,Adventure,Animated Musical
Rosemary's Baby,1968,136 min.,Roman Polanski,Mia Farrow,Based-on-20th-Century-Literature,Horror
Casino Royale,2006,144 min.,Martin Campbell,Eva Green,Action Thriller,Action
Before Sunrise,1995,105 min.,Richard Linklater,Ethan Hawke,Comedy Drama,Romance
Amélie,2001,122 min.,Jean-Pierre Jeunet,Audrey Tautou,Comedy,Foreign Language Film
In the Heat of the Night,1967,109 min.,Norman Jewison,Sidney Poitier,Crime Drama,Crime
The Mirror,1975,106 min.,Andrei Tarkovsky,Margarita Terekhova,Avant-garde / Experimental,Based-on-a-True-Story
Key Largo,1948,100 min.,John Huston,Lauren Bacall,Crime Thriller,Crime
Three Colors: Red,1994,99 min.,Krzysztof Kieslowski,Zbigniew Zamachowski,Drama,Foreign Language Film
La Strada,1954,108 min.,Federico Fellini,Giulietta Masina,Drama,Foreign Language Film
Harvey,1950,104 min.,Henry Koster,James Stewart,Based-on-Theatre,Comedy
Close Encounters of the Third Kind,1977,135 min.,Steven Spielberg,Richard Dreyfuss,Adventure Drama,Adventure
Blade Runner 2049,2017,163 min.,Denis Villeneuve,Ryan Gosling,Cyberpunk / Tech Noir,Cyborg / Android / Robot
Playtime,1967,155 min.,Jacques Tati,Jacques Tati,Comedy,Foreign Language Film
Star Trek,2009,127 min.,J.J. Abrams,Chris Pine,Action,Adventure
Stop Making Sense,1984,88 min.,Jonathan Demme,Alex Weir,Concert Film,Documentary
Evil Dead II,1987,85 min.,Sam Raimi,Bruce Campbell,Black Comedy,Haunted House Film
Star Trek II: The Wrath of Khan,1982,113 min.,Nicholas Meyer,William Shatner,Action,Action Thriller
The Grapes of Wrath,1940,129 min.,John Ford,Henry Fonda,Americana,Based-on-20th-Century-Literature
Interstellar,2014,169 min.,Christopher Nolan,Matthew McConaughey,Adventure,Cyborg / Android / Robot
Drive,2011,95 min.,Nicolas Winding Refn,Ryan Gosling,Based-on-21st-Century-Literature,Chase Movie
Donnie Darko,2001,113 min.,Richard Kelly,Jake Gyllenhaal,Comedy Drama,Coming-of-Age
Peeping Tom,1960,101 min.,Michael Powell,Karlheinz Böhm,Crime Thriller,Crime
Red River,1948,133 min.,"Howard Hawks, Arthur Rosson",John Wayne,Adventure,Epic
Clerks.,1994,92 min.,Kevin Smith,Brian O'Halloran,Buddy Film,Comedy
Judgment at Nuremberg,1961,186 min.,Stanley Kramer,Burt Lancaster,Based-on-a-True-Story,Courtroom Drama
Sorcerer,1977,121 min.,William Friedkin,Roy Scheider,Adventure Drama,Adventure
Glengarry Glen Ross,1992,100 min.,James Foley,Al Pacino,Based-on-Theatre,Drama
The Adventures of Robin Hood,1938,102 min.,"Michael Curtiz, William Keighley",Errol Flynn,Adventure,Costume Adventure
The Taking of Pelham One Two Three,1974,104 min.,Joseph Sargent,Walter Matthau,Action Thriller,Action
Eyes Without a Face,1960,88 min.,Georges Franju,Pierre Brasseur,Body Horror,Drama
Edward Scissorhands,1990,105 min.,Tim Burton,Johnny Depp,Comedy Drama,Drama
The Holy Mountain,1973,114 min.,Alejandro Jodorowsky,Alejandro Jodorowsky,Adventure,Avant-garde / Experimental
Blood Simple,1984,99 min.,Joel & Ethan Coen,John Getz,Crime Thriller,Crime
Casino,1995,178 min.,Martin Scorsese,Robert De Niro,Based-on-20th-Century-Literature,Crime Drama
Spider-Man: Into the Spider-Verse,2018,117 min.,"Bob Persichetti, Peter Ramsey, Rodney Rothman",Shameik Moore,Action Comedy,Action
Nosferatu,1922,81 min.,F.W. Murnau,Max Schreck,Based-on-19th-Century-Literature,Costume Horror
Beetlejuice,1988,92 min.,Tim Burton,Geena Davis,Black Comedy,Comedy
Hannah and Her Sisters,1986,103 min.,Woody Allen,Mia Farrow,Comedy Drama,Ensemble Film
Rebel Without a Cause,1955,111 min.,Nicholas Ray,James Dean,Coming-of-Age,Drama
A Woman Under the Influence,1974,155 min.,John Cassavetes,Peter Falk,Drama,Marriage Drama
Dead Poets Society,1989,128 min.,Peter Weir,Robin Williams,Coming-of-Age,Drama
Top Hat,1935,101 min.,Mark Sandrich,Fred Astaire,Comedy,Musical Comedy
Up,2009,96 min.,"Pete Docter, Bob Peterson",Bob Peterson,Adventure Comedy,Adventure
The Grand Budapest Hotel,2014,99 min.,Wes Anderson,Tony Revolori,Adventure Comedy,Adventure
American Psycho,2000,101 min.,Mary Harron,Christian Bale,Based-on-20th-Century-Literature,Black Comedy
Princess Mononoke,1997,134 min.,Hayao Miyazaki,Yôji Matsuda,Adventure,Animation
Gaslight,1944,114 min.,George Cukor,Charles Boyer,Based-on-Theatre,Film Noir
La Haine,1995,96 min.,Mathieu Kassovitz,Vincent Cassel,Crime Drama,Crime
Three Colors: Blue,1993,98 min.,Krzysztof Kieslowski,Juliette Binoche,Drama,Foreign Language Film
The Big Heat,1953,89 min.,Fritz Lang,Alexander Scourby,Crime Drama,Crime Thriller
An American Werewolf in London,1981,97 min.,John Landis,Jenny Agutter,Black Comedy,Body Horror
Barton Fink,1991,116 min.,Joel & Ethan Coen,John Turturro,Black Comedy,Comedy Drama
The Manchurian Candidate,1962,126 min.,John Frankenheimer,Frank Sinatra,Hitman / Assassin Film,Paranoid Thriller
Kind Hearts and Coronets,1949,106 min.,Robert Hamer,Valerie Hobson,Black Comedy,Crime
The Outlaw Josey Wales,1976,135 min.,Clint Eastwood,Clint Eastwood,Based-on-20th-Century-Literature,Outlaw
Trouble in Paradise,1932,83 min.,Ernst Lubitsch,Miriam Hopkins,Based-on-Theatre,Comedy
Umberto D.,1952,89 min.,Vittorio De Sica,Carlo Battisti,Drama,Foreign Language Film
Army of Darkness,1992,81 min.,Sam Raimi,Bruce Campbell,Comedy,Fantasy
Her,2013,126 min.,Spike Jonze,Joaquin Phoenix,Comedy Drama,Drama
Apollo 13,1995,140 min.,Ron Howard,Tom Hanks,Adventure Drama,Adventure
Band of Brothers,2001,705 min.,"David Frankel,  Mikael Salomon, Tom Hanks, David Leland, Richard Loncraine, David Nutter, Phil Alden Robinson, Tony To",Scott Grimes,Action,Based-on-a-True-Story
Cries and Whispers,1972,91 min.,Ingmar Bergman,Kari Sylwan,Drama,Ensemble Film
A Streetcar Named Desire,1951,125 min.,Elia Kazan,Vivien Leigh,Based-on-Theatre,Drama
To Have and Have Not,1944,100 min.,Howard Hawks,Walter Brennan,Based-on-20th-Century-Literature,Drama
Who Framed Roger Rabbit,1988,104 min.,Robert Zemeckis,Bob Hoskins,Animation,Comedy
The Conformist,1970,107 min.,Bernardo Bertolucci,Jean-Louis Trintignant,Drama,Foreign Language Film
Arrival,2016,116 min.,Denis Villeneuve,Amy Adams,Alien Invasion Films,Based-on-20th-Century-Literature
The Cabinet of Dr. Caligari,1920,72 min.,Robert Wiene,Werner Krauss,Costume Horror,German Expressionist Film
Wait Until Dark,1967,108 min.,Terence Young,Audrey Hepburn,Based-on-Theatre,Crime Drama
28 Days Later...,2002,113 min.,Danny Boyle,Megan Burns,Dystopian Film,Horror
To Catch a Thief,1955,106 min.,Alfred Hitchcock,Cary Grant,Based-on-20th-Century-Literature,Mystery
Night of the Living Dead,1968,96 min.,George A. Romero,Duane Jones,Apocalyptic Film,Horror
The Wolf of Wall Street,2013,180 min.,Martin Scorsese,Leonardo DiCaprio,Based-on-21st-Century-Literature,Based-on-a-True-Story
Z,1969,127 min.,Costa-Gavras,Yves Montand,Crime Thriller,Crime
In Bruges,2008,107 min.,Martin McDonagh,Ralph Fiennes,Black Comedy,Buddy Film
The Ox-Bow Incident,1943,75 min.,William A. Wellman,Henry Fonda,Message Movie,Western
Moon,2009,97 min.,Duncan Jones,Sam Rockwell,Drama,Psychological Sci-Fi
Ex Machina,2015,108 min.,Alex Garland,Domhnall Gleeson,Cyborg / Android / Robot,Psychological Sci-Fi
Ordet,1955,126 min.,Carl Theodor Dreyer,Henrik Malberg,Based-on-Theatre,Drama
Get Out,2017,103 min.,Jordan Peele,Daniel Kaluuya,Horror,Psychological Horror
The Lost Weekend,1945,101 min.,Billy Wilder,Ray Milland,Addiction Drama,Drama
Dirty Harry,1971,102 min.,Don Siegel,Reni Santoni,Action Thriller,Action
Elevator to the Gallows,1958,88 min.,Louis Malle,Jeanne Moreau,Crime,Foreign Language Film
The Last Detail,1973,104 min.,Hal Ashby,Jack Nicholson,Buddy Film,Comedy Drama
Everything Everywhere All at Once,2022,132 min.,"Dan Kwan, Daniel Scheinert",Michelle Yeoh,Action Comedy,Action
The Awful Truth,1937,91 min.,Leo McCarey,Cary Grant,Comedy,Screwball Comedy
V for Vendetta,2006,132 min.,James McTeigue,Natalie Portman,Action,Action Thriller
The Invisible Man,1933,71 min.,James Whale,Claude Rains,Based-on-19th-Century-Literature,Horror
The African Queen,1951,105 min.,John Huston,Humphrey Bogart,Adventure Drama,Adventure
Blue Velvet,1986,120 min.,David Lynch,Isabella Rossellini,Americana,Crime Thriller
Last Year at Marienbad,1961,94 min.,Alain Resnais,Delphine Seyrig,Avant-garde / Experimental,Drama
Mildred Pierce,1945,111 min.,Michael Curtiz,Joan Crawford,Crime Drama,Crime
The Dark Knight Rises,2012,164 min.,Christopher Nolan,Christian Bale,Action Thriller,Action
The Road Warrior,1981,95 min.,George Miller,Mel Gibson,Action Thriller,Action
Toy Story 3,2010,102 min.,Lee Unkrich,Tim Allen,Adventure Comedy,Adventure
Bad Day at Black Rock,1955,81 min.,John Sturges,Spencer Tracy,Mystery,Psychological Thriller
True Romance,1993,121 min.,Tony Scott,Christian Slater,Crime Thriller,Crime
Stray Dog,1949,122 min.,Akira Kurosawa,Toshirô Mifune,Drama,Film Noir
The Discreet Charm of the Bourgeoisie,1972,102 min.,Luis Buñuel,Fernando Rey,Avant-garde / Experimental,Black Comedy
The Nightmare Before Christmas,1993,76 min.,Henry Selick,Chris Sarandon,Animated Musical,Animation
The Dirty Dozen,1967,145 min.,Robert Aldrich,Charles Bronson,Adventure,Ensemble Film
Men in Black,1997,98 min.,Barry Sonnenfeld,Tommy Lee Jones,Action Comedy,Action
Belle de jour,1967,101 min.,Luis Buñuel,Catherine Deneuve,Drama,Erotic Drama
Almost Famous,2000,162 min.,Cameron Crowe,Patrick Fugit,Comedy Drama,Coming-of-Age
Logan,2017,135 min.,James Mangold,Hugh Jackman,Action,Based-on-Comics
Tombstone,1993,134 min.,George P. Cosmatos,Kurt Russell,Revisionist Western,Western
The Magnificent Ambersons,1942,88 min.,Orson Welles,Joseph Cotten,Drama,Family Drama
Pather Panchali,1955,122 min.,Satyajit Ray,Kanu Bannerjee,Based-on-20th-Century-Literature,Drama
Perfect Blue,1997,81 min.,Satoshi Kon,Junko Iwao,Animation,Anime
Akira,1988,124 min.,Katsuhiro Ôtomo,Mitsuo Iwata,Action,Animation
Pirates of the Caribbean: The Curse of the Black Pearl,2003,143 min.,Gore Verbinski,Johnny Depp,Adventure Comedy,Adventure
Being John Malkovich,1999,112 min.,Spike Jonze,John Cusack,Comedy,Fantasy Comedy
High Plains Drifter,1973,105 min.,Clint Eastwood,Clint Eastwood,Outlaw,Revenge Film
Boogie Nights,1997,156 min.,Paul Thomas Anderson,Mark Wahlberg,Comedy Drama,Drama
Total Recall,1990,113 min.,Paul Verhoeven,Arnold Schwarzenegger,Action Thriller,Action
Cleo from 5 to 7,1962,90 min.,Agnès Varda,Dominique Davray,Comedy,Drama
Jules and Jim,1962,105 min.,François Truffaut,Jeanne Moreau,Costume Romance,Drama
A Separation,2011,123 min.,Asghar Farhadi,Peyman Maadi,Drama,Ensemble Film
What Ever Happened to Baby Jane?,1962,134 min.,Robert Aldrich,Bette Davis,Drama,Gothic Film
All That Jazz,1979,123 min.,Bob Fosse,Roy Scheider,Drama,Fantasy
Your Name,2016,106 min.,Makoto Shinkai,Ryunosuke Kamiki,Animation,Anime
Raising Arizona,1987,94 min.,Joel & Ethan Coen,Nicolas Cage,Comedy,Crime Comedy
Thief,1981,122 min.,Michael Mann,Tuesday Weld,Based-on-20th-Century-Literature,Caper
Captain America: The Winter Soldier,2014,136 min.,"Anthony Russo, Joe Russo",Chris Evans,Action,Action Thriller
Videodrome,1983,89 min.,David Cronenberg,James Woods,Body Horror,Cyberpunk / Tech Noir
Midnight Cowboy,1969,113 min.,John Schlesinger,Dustin Hoffman,Buddy Film,Drama
Moonrise Kingdom,2012,94 min.,Wes Anderson,Bruce Willis,Childhood Drama,Comedy Drama
Avengers: Endgame,2019,183 min.,"Anthony Russo, Joe Russo",Robert Downey Jr.,Action,Adventure
Serenity,2005,119 min.,Joss Whedon,Nathan Fillion,Action,Based-on-Television
Patton,1970,172 min.,Franklin J. Schaffner,George C. Scott,Based-on-20th-Century-Literature,Based-on-a-True-Story
Marty,1955,91 min.,Delbert Mann,Ernest Borgnine,Drama,Romance
Kiki's Delivery Service,1989,103 min.,Hayao Miyazaki,Minami Takayama,Adventure,Animation
Requiem for a Dream,2000,102 min.,Darren Aronofsky,Ellen Burstyn,Addiction Drama,Based-on-20th-Century-Literature
The Man Who Would Be King,1975,129 min.,John Huston,Michael Caine,Adventure,Based-on-19th-Century-Literature
All Quiet on the Western Front,1930,130 min.,Lewis Milestone,Raymond Smith,Action,Anti-War Film
Fail-Safe,1964,112 min.,Sidney Lumet,Dan O'Herlihy,Disaster Film,Drama
"Rome, Open City",1945,100 min.,Roberto Rossellini,Aldo Fabrizi,Drama,Foreign Language Film
Band of Outsiders,1964,95 min.,Jean-Luc Godard,Anna Karina,Crime Drama,Crime
Sin City,2005,124 min.,"Frank Miller, Robert Rodriguez, Quentin Tarantino",Bruce Willis,Action Thriller,Action
The Lady from Shanghai,1947,87 min.,Orson Welles,Everett Sloane,Based-on-20th-Century-Literature,Crime
Hud,1963,112 min.,Martin Ritt,Paul Newman,Americana,Drama
Cinema Paradiso,1988,155 min.,Giuseppe Tornatore,Philippe Noiret,Coming-of-Age,Drama
They Live,1988,93 min.,John Carpenter,Roddy Piper,Action,Alien Invasion Films
The Producers,1968,88 min.,Mel Brooks,Zero Mostel,Comedy,Farce
Before Midnight,2013,108 min.,Richard Linklater,Ethan Hawke,Drama,Marriage Drama
Goldfinger,1964,110 min.,Guy Hamilton,Sean Connery,Action Thriller,Action
The Asphalt Jungle,1950,112 min.,John Huston,Louis Calhern,Caper,Crime Thriller
Kiss Me Deadly,1955,104 min.,Robert Aldrich,Ralph Meeker,Detective Film,Femme Fatale
The Purple Rose of Cairo,1985,82 min.,Woody Allen,Mia Farrow,Comedy,Fantasy Comedy
The Circus,1928,71 min.,Charles Chaplin,George Davis,Adventure,Romance
Freaks,1932,64 min.,Tod Browning,Wallace Ford,Drama,Horror
Beauty and the Beast,1946,96 min.,Jean Cocteau,Jean Marais,Fairy Tales and Legends,Fantasy
Big,1988,104 min.,Penny Marshall,Robert Loggia,Comedy,Coming-of-Age
The Bourne Ultimatum,2007,115 min.,Paul Greengrass,Matt Damon,Action Thriller,Action
L'avventura,1960,141 min.,Michelangelo Antonioni,Gabriele Ferzetti,Adventure Drama,Drama
The Hunt,2012,106 min.,Thomas Vinterberg,Mads Mikkelsen,Drama,Foreign Language Film
Pierrot le fou,1965,110 min.,Jean-Luc Godard,Jean-Paul Belmondo,Avant-garde / Experimental,Drama
The Bourne Supremacy,2004,108 min.,Paul Greengrass,Matt Damon,Action Thriller,Action
Enter the Dragon,1973,110 min.,Robert Clouse,Bruce Lee,Action Thriller,Action
My Life to Live,1962,85 min.,Jean-Luc Godard,Anna Karina,Avant-garde / Experimental,Drama
Spider-Man,2002,121 min.,Sam Raimi,Tobey Maguire,Action,Based-on-Comics
Prisoners,2013,146 min.,Denis Villeneuve,Hugh Jackman,Crime,Crime Drama
After Hours,1985,97 min.,Martin Scorsese,Griffin Dunne,Black Comedy,Comedy
Five Easy Pieces,1970,98 min.,Bob Rafelson,Jack Nicholson,Drama,Family Drama
Holiday,1938,95 min.,George Cukor,Katharine Hepburn,Based-on-Theatre,Comedy
A Place in the Sun,1951,112 min.,George Stevens,Montgomery Clift,Drama,Psychological Drama
The Wrestler,2008,111 min.,Darren Aronofsky,Mark Margolis,Drama,Psychological Drama
The Birds,1963,119 min.,Alfred Hitchcock,Tippi Hedren,Horror,Natural Horror
Deep Red,1975,126 min.,Dario Argento,David Hemmings,Foreign Language Film,Giallo
Man with a Movie Camera,1929,68 min.,Dziga Vertov,Mikhail Kaufman,Avant-garde / Experimental,City Symphony film
The Evil Dead,1981,85 min.,Sam Raimi,Bruce Campbell,Haunted House Film,Horror
"Lock, Stock and Two Smoking Barrels",1998,107 min.,Guy Ritchie,Jason Flemyng,Buddy Film,Caper
East of Eden,1955,115 min.,Elia Kazan,Julie Harris,Americana,Drama
The Phantom Carriage,1921,93 min.,Victor Sjöström,Victor Sjostrom,Drama,Fairy Tales and Legends
Scott Pilgrim vs. the World,2010,111 min.,Edgar Wright,Michael Cera,Action Comedy,Action
Superbad,2007,113 min.,Greg Mottola,Jonah Hill,Buddy Film,Comedy
La La Land,2016,128 min.,Damien Chazelle,Emma Stone,Drama,Musical Romance
Black Swan,2010,103 min.,Darren Aronofsky,Natalie Portman,Dance Film,Drama
Hiroshima mon amour,1959,90 min.,Alain Resnais,Emmanuelle Riva,Anti-War Film,Drama
The Cameraman,1928,75 min.,Edward Sedgwick,Buster Keaton,Comedy,Romance
Spaceballs,1987,96 min.,Mel Brooks,Rick Moranis,Absurd Comedy,Comedy
F for Fake,1973,85 min.,Orson Welles,Joseph Cotten,Avant-garde / Experimental,Biography
Ninotchka,1939,110 min.,Ernst Lubitsch,Greta Garbo,Comedy,Romance
Through a Glass Darkly,1961,89 min.,Ingmar Bergman,Harriet Andersson,Drama,Family Drama
Minority Report,2002,145 min.,Steven Spielberg,Tom Cruise,Action,Based-on-20th-Century-Literature
Big Trouble in Little China,1986,99 min.,John Carpenter,Kurt Russell,Action,Action Comedy
Animal Crackers,1930,97 min.,Victor Heerman,Harpo Marx,Absurd Comedy,Comedy
The Verdict,1982,129 min.,Sidney Lumet,Paul Newman,Courtroom Drama,Drama
Serpico,1973,130 min.,Sidney Lumet,Al Pacino,Based-on-a-True-Story,Biopic
Knives Out,2019,130 min.,Rian Johnson,Daniel Craig,Comedy Thriller,Comedy
Au Hasard Balthazar,1966,95 min.,Robert Bresson,Anne Wiazemsky,Animal Picture,Drama
12 Years a Slave,2013,133 min.,Steve McQueen,Chiwetel Ejiofor,Based-on-19th-Century-Literature,Based-on-a-True-Story
Rushmore,1998,93 min.,Wes Anderson,Bill Murray,Comedy Drama,Coming-of-Age
Harry Potter and the Prisoner of Azkaban,2004,141 min.,Alfonso Cuarón,Daniel Radcliffe,Adventure,Family-Oriented Adventure
The Right Stuff,1983,193 min.,Philip Kaufman,Sam Shepard,Adventure Drama,Adventure
Inside Llewyn Davis,2013,105 min.,Joel & Ethan Coen,Oscar Isaac,Drama,Period Film
Kagemusha,1980,162 min.,Akira Kurosawa,Tatsuya Nakadai,Based-on-a-True-Story,Combat Films
My Darling Clementine,1946,97 min.,John Ford,Henry Fonda,Drama,Traditional Western
The Warriors,1979,92 min.,Walter Hill,Michael Beck,Action,Action Thriller
Day for Night,1973,115 min.,François Truffaut,Jacqueline Bisset,Comedy Drama,Drama
Straw Dogs,1971,118 min.,Sam Peckinpah,Dustin Hoffman,Drama,Home Invasion Film
Amarcord,1973,123 min.,Federico Fellini,Bruno Zanin,Comedy Drama,Coming-of-Age
Gilda,1946,110 min.,Charles Vidor,Joseph Calleia,Drama,Femme Fatale
Night and Fog,1956,32 min.,Alain Resnais,Michel Bouquet,Documentary,Essay Film
Don't Look Now,1973,110 min.,Nicolas Roeg,Julie Christie,Based-on-20th-Century-Literature,Horror
Once Upon a Time ...in Hollywood,2019,161 min.,Quentin Tarantino,Leonardo DiCaprio,Black Comedy,Comedy Drama
Cat on a Hot Tin Roof,1958,108 min.,Richard Brooks,Paul Newman,Based-on-Theatre,Drama
High Fidelity,2000,113 min.,Stephen Frears,John Cusack,Comedy Drama,Comedy of Manners
Hard Boiled,1992,126 min.,John Woo,Chow Yun-Fat,Action Thriller,Action
"Steamboat Bill, Jr.",1928,71 min.,Charles Reisner,Buster Keaton,Action Comedy,Comedy
Anchorman: The Legend of Ron Burgundy,2004,94 min.,Adam McKay,Will Ferrell,Comedy,Media Satire
A Hard Day's Night,1964,87 min.,Richard Lester,John Lennon,Absurd Comedy,British New Wave
District 9,2009,112 min.,Neill Blomkamp,Vanessa Haywood,Action,Psychological Sci-Fi
Inherit the Wind,1960,128 min.,Stanley Kramer,Fredric March,Based-on-a-True-Story,Based-on-Theatre
X-Men,2000,104 min.,Bryan Singer,Hugh Jackman,Action,Based-on-Comics
Animal House,1978,109 min.,John Landis,John Belushi,Absurd Comedy,Comedy
Sabrina,1954,113 min.,Billy Wilder,Humphrey Bogart,Comedy Drama,Romance
Lethal Weapon,1987,117 min.,Richard Donner,Mel Gibson,Action Thriller,Action
Nightcrawler,2014,117 min.,Dan Gilroy,Jake Gyllenhaal,Crime Thriller,Crime
Once Upon a Time in America,1984,229 min.,Sergio Leone,Robert De Niro,Based-on-20th-Century-Literature,Crime Drama
Love and Death,1975,85 min.,Woody Allen,Diane Keaton,Comedy of Errors,Comedy
The Hangover,2009,96 min.,Todd Phillips,Ed Helms,Absurd Comedy,Buddy Film
Zombieland,2009,80 min.,Ruben Fleischer,Jesse Eisenberg,Comedy,Girls-with-Guns
Captain America: Civil War,2016,147 min.,"Anthony Russo, Joe Russo",Chris Evans,Action Thriller,Action
Dawn of the Dead,1978,126 min.,George A. Romero,David Emge,Horror,Monster Film
Marathon Man,1976,125 min.,John Schlesinger,Dustin Hoffman,New Hollywood,Paranoid Thriller
Edge of Tomorrow,2014,113 min.,Doug Liman,Tom Cruise,Action,Alien Invasion Films
Breakfast at Tiffany's,1961,115 min.,Blake Edwards,George Peppard,Comedy Drama,Comedy of Manners
Oppenheimer,2023,180 min.,Christopher Nolan,Cillian Murphy,Based-on-21st-Century-Literature,Based-on-a-True-Story
The Lion in Winter,1968,134 min.,Anthony Harvey,Anthony Hopkins,Based-on-Theatre,Drama
Lost in Translation,2003,102 min.,Sofia Coppola,Bill Murray,Comedy Drama,Comedy of Manners
The Day the Earth Stood Still,1951,92 min.,Robert Wise,Michael Rennie,Alien Invasion Films,Apocalyptic Film
Invasion of the Body Snatchers,1956,80 min.,Don Siegel,Kevin McCarthy,Alien Invasion Films,Apocalyptic Film
Die Hard With a Vengeance,1995,131 min.,John McTiernan,Bruce Willis,Action Thriller,Action
From Here to Eternity,1953,118 min.,Fred Zinnemann,Burt Lancaster,Based-on-20th-Century-Literature,Drama
Lolita,1962,152 min.,Stanley Kubrick,James Mason,Based-on-20th-Century-Literature,Black Comedy
Thor: Ragnarok,2017,130 min.,Taika Waititi,Chris Hemsworth,Action,Adventure
Dazed and Confused,1993,103 min.,Richard Linklater,Jason London,Comedy Drama,Coming-of-Age
Spider-Man: Across the Spider-Verse,2023,140 min.,"Joaquim Dos Santos, Kemp Powers, Justin K. Thompson",Shameik Moore,Action,Adventure
Ratatouille,2007,111 min.,Brad Bird,Peter O'Toole,Animation,Comedy
La jetée,1962,28 min.,Chris Marker,Jean Négroni,Avant-garde / Experimental,Foreign Language Film
Gone Girl,2014,145 min.,David Fincher,Ben Affleck,Based-on-21st-Century-Literature,Drama
Au Revoir Les Enfants,1987,104 min.,Louis Malle,Gaspard Manesse,Childhood Drama,Coming-of-Age
Midnight Run,1988,126 min.,Martin Brest,Robert De Niro,Action Comedy,Action
3 Women,1977,124 min.,Robert Altman,Sissy Spacek,Drama,Feminist Film
The Lives of Others,2006,137 min.,Florian Henckel von Donnersmarck,Martina Gedeck,Drama,Foreign Language Film
The Young Girls of Rochefort,1967,128 min.,Jacques Demy,Catherine Deneuve,Comedy,Foreign Language Film
Possession,1981,123 min.,Andrzej Zulawski,Isabelle Adjani,Avant-garde / Experimental,Drama
Three Days of the Condor,1975,117 min.,Sydney Pollack,Robert Redford,New Hollywood,Paranoid Thriller
The Decalogue,1989,550 min.,Krzysztof Kieslowski,Artur Barcis,Anthology Film,Drama
Eraserhead,1977,89 min.,David Lynch,Jack Nance,Avant-garde / Experimental,Body Horror
Picnic at Hanging Rock,1975,115 min.,Peter Weir,Jenny Lovell,Australian New Wave,Based-on-20th-Century-Literature
Kwaidan,1964,183 min.,Masaki Kobayashi,Rentaro Mikuni,Anthology Film,Based-on-20th-Century-Literature
Gangs of New York,2002,167 min.,Martin Scorsese,Leonardo DiCaprio,Based-on-20th-Century-Literature,Crime Drama
Brick,2005,110 min.,Rian Johnson,Joseph Gordon-Levitt,Crime Drama,Crime
The Killer,1989,111 min.,John Woo,Chow Yun-Fat,Action Thriller,Action
Caddyshack,1980,98 min.,Harold Ramis,Chevy Chase,Comedy,Gross-Out Comedy
Spotlight,2015,128 min.,Tom McCarthy,Michael Keaton,Based-on-a-True-Story,Docudrama
Ball of Fire,1941,111 min.,Howard Hawks,Barbara Stanwyck,Comedy of Manners,Comedy
Little Miss Sunshine,2006,101 min.,"Jonathan Dayton, Valerie Faris",Greg Kinnear,Comedy Drama,Comedy
Slumdog Millionaire,2008,120 min.,"Danny Boyle, Loveleen Tandan",Dev Patel,Based-on-21st-Century-Literature,Drama
Raise the Red Lantern,1991,125 min.,Yimou Zhang,Gong Li,Based-on-20th-Century-Literature,Drama
The Martian,2015,130 min.,Ridley Scott,Matt Damon,Adventure Drama,Adventure
The Double Life of Veronique,1991,98 min.,Krzysztof Kieslowski,Wladyslaw Kowalski,Drama,Foreign Language Film
Hoop Dreams,1994,170 min.,Steve James,Spike Lee,Biography,Culture and Society
Wayne's World,1992,94 min.,Penelope Spheeris,Mike Myers,Absurd Comedy,Based-on-Television
Ivan's Childhood,1962,95 min.,Andrei Tarkovsky,Nikolay Burlyaev,Based-on-20th-Century-Literature,Childhood Drama
1917,2019,118 min.,Sam Mendes,Dean-Charles Chapman,Drama,Epic
Lifeboat,1944,96 min.,Alfred Hitchcock,Tallulah Bankhead,Adventure,Drama
Cast Away,2000,143 min.,Robert Zemeckis,Tom Hanks,Adventure Drama,Adventure
The Jerk,1979,94 min.,Carl Reiner,Steve Martin,Absurd Comedy,Comedy
"What's Up, Doc?",1972,94 min.,Peter Bogdanovich,Barbra Streisand,Comedy of Errors,Comedy
A Christmas Story,1983,93 min.,Bob Clark,Melinda Dillon,Americana,Comedy Drama
Magnolia,1999,188 min.,Paul Thomas Anderson,Philip Seymour Hoffman,Drama,Ensemble Film
Halloween,1978,91 min.,John Carpenter,Donald Pleasence,Horror,Slasher Film
The Man Who Knew Too Much,1956,120 min.,Alfred Hitchcock,James Stewart,Political Thriller,Psychological Thriller
The Killers,1946,103 min.,Robert Siodmak,Ava Gardner,Based-on-20th-Century-Literature,Crime
L'atalante,1934,89 min.,Jean Vigo,Michel Simon,Adventure Drama,Drama
The Quiet Man,1952,129 min.,John Ford,John Wayne,Comedy Drama,Drama
Bullitt,1968,114 min.,Peter Yates,Steve McQueen,Action Thriller,Chase Movie
Howl's Moving Castle,2004,119 min.,Hayao Miyazaki,Chieko Baisho,Adventure,Animation
"Planes, Trains & Automobiles",1987,93 min.,John Hughes,Steve Martin,Comedy of Errors,Comedy
Once,2006,85 min.,John Carney,Markéta Irglová,Drama,Musical
Re-Animator,1985,95 min.,Stuart Gordon,Jeffrey Combs,Based-on-20th-Century-Literature,Black Comedy
Duel,1971,74 min.,Steven Spielberg,Dennis Weaver,Action Thriller,Action
Le trou,1960,132 min.,Jacques Becker,Michel Constantin,Crime Drama,Crime
Escape from New York,1981,99 min.,John Carpenter,Kurt Russell,Action Thriller,Action
Sleuth,1972,138 min.,Joseph L. Mankiewicz,Laurence Olivier,Based-on-Theatre,Mystery
House,1977,88 min.,Nobuhiko Ôbayashi,Kimiko Ikegami,Avant-garde / Experimental,Comedy
Seconds,1966,107 min.,John Frankenheimer,Rock Hudson,Based-on-20th-Century-Literature,Drama
Cape Fear,1962,105 min.,J. Lee Thompson,Gregory Peck,Based-on-20th-Century-Literature,Crime
The Royal Tenenbaums,2001,110 min.,Wes Anderson,Ben Stiller,Comedy Drama,Comedy of Manners
Scenes from a Marriage,1973,169 min.,Ingmar Bergman,Bibi Andersson,Drama,Foreign Language Film
Battleship Potemkin,1925,75 min.,Sergei M. Eisenstein,Aleksandr Antonov,Drama,Foreign Language Film
Warrior,2011,141 min.,Gavin O'Connor,Tom Hardy,Action,Drama
A Few Good Men,1992,138 min.,Rob Reiner,Tom Cruise,Based-on-Theatre,Courtroom Drama
"Kiss Kiss, Bang Bang",2005,103 min.,Shane Black,Robert Downey Jr.,Comedy,Crime Comedy
You Can't Take It With You,1938,126 min.,Frank Capra,Edward Arnold,Based-on-Theatre,Comedy
Only Angels Have Wings,1939,121 min.,Howard Hawks,Cary Grant,Adventure,Buddy Film
The Wicker Man,1973,100 min.,Robin Hardy,Edward Woodward,Based-on-20th-Century-Literature,Folk Horror
I Saw the Devil,2010,144 min.,Jee-woon Kim,Byung-hun Lee,Crime Thriller,Crime
Forbidden Planet,1956,98 min.,Fred M. Wilcox,Walter Pidgeon,Action,Adventure
Spellbound,1945,111 min.,Alfred Hitchcock,Ingrid Bergman,Drama,Film Noir
Viridiana,1961,90 min.,Luis Buñuel,Silvia Pinal,Black Comedy,Comedy Drama
Pickup on South Street,1953,80 min.,Samuel Fuller,Thelma Ritter,Femme Fatale,Film Noir
Ali: Fear Eats the Soul,1974,94 min.,Rainer Werner Fassbinder,Brigitte Mira,Drama,Foreign Language Film
The Raid,2011,101 min.,Gareth Evans,Iko Uwais,Action Thriller,Action
A Beautiful Mind,2001,135 min.,Ron Howard,Russell Crowe,Based-on-20th-Century-Literature,Based-on-a-True-Story
Moonlight,2016,110 min.,Barry Jenkins,Mahershala Ali,Based-on-Theatre,Coming-of-Age
Invasion of the Body Snatchers,1978,115 min.,Philip Kaufman,Donald Sutherland,Alien Invasion Films,Apocalyptic Film
Contempt,1963,103 min.,Jean-Luc Godard,Brigitte Bardot,Drama,Foreign Language Film
The 40-Year-Old Virgin,2005,116 min.,Judd Apatow,Steve Carell,Comedy,Romance
Onibaba,1964,103 min.,Kaneto Shindô,Taiji Tonoyama,Costume Horror,Drama
The Cranes are Flying,1957,94 min.,Mikhail Kalatozov,Tatyana Samojlova,Drama,Foreign Language Film
Birdman,2014,119 min.,Alejandro González Iñárritu,Michael Keaton,Black Comedy,Comedy Drama
Suspicion,1941,99 min.,Alfred Hitchcock,Cary Grant,Based-on-20th-Century-Literature,Film Noir
From Russia with Love,1963,115 min.,Terence Young,Sean Connery,Action Thriller,Action
Down by Law,1986,107 min.,Jim Jarmusch,Tom Waits,Buddy Film,Comedy
Independence Day,1996,153 min.,Roland Emmerich,Will Smith,Action,Alien Invasion Films
Giant,1956,201 min.,George Stevens,Elizabeth Taylor,Americana,Drama
Dr. No,1962,110 min.,Terence Young,Sean Connery,Action Thriller,Action
Dracula,1931,75 min.,Tod Browning,Bela Lugosi,Based-on-19th-Century-Literature,Based-on-Theatre
Autumn Sonata,1978,99 min.,Ingmar Bergman,Ingrid Bergman,Drama,Family Drama
"They Shoot Horses, Don't They?",1969,129 min.,Sydney Pollack,Susannah York,Drama,Melodrama
Porco Rosso,1992,94 min.,Hayao Miyazaki,Shûichirô Moriyama,Adventure,Animation
What We Do in the Shadows,2014,86 min.,"Jemaine Clement, Taika Waititi",Taika Waititi,Black Comedy,Comedy
Watchmen,2009,162 min.,Zack Snyder,Malin Akerman,Action,Based-on-Comics
The Devil's Backbone,2001,106 min.,Guillermo del Toro,Marisa Paredes,Foreign Language Film,Ghost Film
Spider-Man: No Way Home,2021,148 min.,Jon Watts,Tom Holland,Action,Adventure
Battle Royale,2000,114 min.,Kinji Fukasaku,Tatsuya Fujiwara,Action Thriller,Action
The Handmaiden,2016,144 min.,Chan-wook Park,Min-hee Kim,Based-on-21st-Century-Literature,Black Comedy
Beauty and the Beast,1991,84 min.,"Gary Trousdale, Kirk Wise",Richard White,Animated Musical,Animation
Skyfall,2012,120 min.,Sam Mendes,Daniel Craig,Action Thriller,Action
True Grit,2010,110 min.,Joel & Ethan Coen,Jeff Bridges,Based-on-20th-Century-Literature,Revenge Film
Walkabout,1971,100 min.,Nicolas Roeg,Jenny Agutter,Adventure Drama,Adventure
The Fly,1986,95 min.,David Cronenberg,Jeff Goldblum,Based-on-20th-Century-Literature,Body Horror
Papillon,1973,150 min.,Franklin J. Schaffner,Steve McQueen,Adventure Drama,Adventure
Make Way for Tomorrow,1937,92 min.,Leo McCarey,Victor Moore,Drama,Marriage Drama
First Blood,1982,94 min.,Ted Kotcheff,Sylvester Stallone,Action Thriller,Action
The City of Lost Children,1995,112 min.,"Marc Caro, Jean-Pierre Jeunet",Ron Perlman,Adventure,Cyberpunk / Tech Noir
Mr. Deeds Goes To Town,1936,115 min.,Frank Capra,George Bancroft,Americana,Comedy Drama
Angels with Dirty Faces,1938,97 min.,Michael Curtiz,James Cagney,Crime Drama,Crime
Slap Shot,1977,123 min.,George Roy Hill,Paul Newman,Comedy,Sports Comedy
Gremlins,1984,106 min.,Joe Dante,Zach Galligan,Comedy,Holiday Film
Room,2015,118 min.,Lenny Abrahamson,Brie Larson,Childhood Drama,Drama
The Haunting,1963,112 min.,Robert Wise,Julie Harris,Based-on-20th-Century-Literature,Ensemble Film
Foreign Correspondent,1940,120 min.,Alfred Hitchcock,Joel McCrea,Political Thriller,Spy Film
Dune: Part Two,2024,166 min.,Denis Villeneuve,Timothée Chalamet,Action,Adventure Drama
Withnail & I,1987,107 min.,Bruce Robinson,Richard E. Grant,Black Comedy,Buddy Film
Heathers,1988,102 min.,Michael Lehmann,Winona Ryder,Black Comedy,Comedy Thriller
Spartacus,1960,184 min.,Stanley Kubrick,Kirk Douglas,Based-on-20th-Century-Literature,Costume Adventure
Hell or High Water,2016,102 min.,David Mackenzie,Ben Foster,Caper,Crime Drama
The Master,2012,144 min.,Paul Thomas Anderson,Joaquin Phoenix,Drama,Period Film
Jackie Brown,1997,154 min.,Quentin Tarantino,Pam Grier,Based-on-20th-Century-Literature,Crime Drama
Near Dark,1987,94 min.,Kathryn Bigelow,Adrian Pasdar,Chase Movie,Female-Directed Film
Dogma,1999,130 min.,Kevin Smith,Linda Fiorentino,Adventure Comedy,Adventure
Fantastic Mr. Fox,2009,87 min.,Wes Anderson,George Clooney,Adventure Comedy,Adventure
Life Is Beautiful,1997,116 min.,Roberto Benigni,Roberto Benigni,Comedy Drama,Drama
Trading Places,1983,116 min.,John Landis,Dan Aykroyd,Comedy of Manners,Comedy
Gone with the Wind,1939,238 min.,Victor Fleming,Vivien Leigh,Epic,Historical Epic
The Intouchables,2011,112 min.,"Olivier Nakache, Éric Toledano",François Cluzet,Based-on-a-True-Story,Comedy Drama
The Thin Blue Line,1988,103 min.,Errol Morris,Randall Adams,Biography,Culture and Society
Yi Yi: A One and a Two,2000,173 min.,Edward Yang,Nien-Jen Wu,Drama,Ensemble Film
The Iron Giant,1999,86 min.,Brad Bird,Eli Marienthal,Animation,Buddy Film
Star Wars: The Force Awakens,2015,135 min.,J.J. Abrams,Harrison Ford,Action,Adventure
Naked,1993,131 min.,Mike Leigh,Greg Cruttwell,Black Comedy,Drama
(500) Days of Summer,2009,95 min.,Marc Webb,Joseph Gordon-Levitt,Comedy,Romance
Blow-Up,1966,111 min.,Michelangelo Antonioni,David Hemmings,Mindbender,Mystery
John Wick,2014,96 min.,Chad Stahelski,Keanu Reeves,Action,Action Thriller
Before Sunset,2004,77 min.,Richard Linklater,Ethan Hawke,Comedy Drama,Drama
"Crouching Tiger, Hidden Dragon",2000,120 min.,Ang Lee,Ziyi Zhang,Adventure,Based-on-20th-Century-Literature
Say Anything...,1989,100 min.,Cameron Crowe,John Cusack,Comedy Drama,Coming-of-Age
Baby Driver,2017,115 min.,Edgar Wright,Ansel Elgort,Action Thriller,Action
Shrek,2001,90 min.,"Andrew Adamson, Vicky Jenson",Eddie Murphy,Animation,Comedy
The Diving Bell and the Butterfly,2007,112 min.,Julian Schnabel,Marie-Josée Croze,Based-on-20th-Century-Literature,Based-on-a-True-Story
In Cold Blood,1967,134 min.,Richard Brooks,Robert Blake,Based-on-20th-Century-Literature,Based-on-a-True-Story
Smiles of a Summer Night,1955,108 min.,Ingmar Bergman,Ulla Jacobsson,Comedy,Comedy of Manners
"Synecdoche, New York",2008,124 min.,Charlie Kaufman,Michelle Williams,Drama,Mindbender
The Karate Kid,1984,126 min.,John G. Avildsen,Ralph Macchio,Action,Coming-of-Age
Spider-Man 2,2004,127 min.,Sam Raimi,Tobey Maguire,Action,Based-on-Comics
The Player,1992,124 min.,Robert Altman,Tim Robbins,Comedy,Ensemble Film
Black Christmas,1974,98 min.,Bob Clark,Olivia Hussey,Canuxploitation,Holiday Film
Pickpocket,1959,75 min.,Robert Bresson,Martin Lasalle,Crime,Crime Drama
Broadcast News,1987,133 min.,James L. Brooks,William Hurt,Comedy Drama,Media Satire
Horse Feathers,1932,68 min.,Norman Z. McLeod,Groucho Marx,Comedy,Pre-Code Hollywood
Unbreakable,2000,106 min.,M. Night Shyamalan,Bruce Willis,Psychological Thriller,Superhero Film
Cat People,1942,73 min.,Jacques Tourneur,Simone Simon,Horror,Mystery
Shutter Island,2010,138 min.,Martin Scorsese,Ben Kingsley,Based-on-21st-Century-Literature,Mindbender
Breaking Away,1979,101 min.,Peter Yates,Dennis Christopher,Comedy Drama,Coming-of-Age
True Lies,1994,141 min.,James Cameron,Jamie Lee Curtis,Action,Action Comedy
The Long Good Friday,1980,114 min.,John Mackenzie,Bob Hoskins,Crime Drama,Crime
Boyhood,2014,163 min.,Richard Linklater,Ellar Coltrane,Childhood Drama,Coming-of-Age
Bring Me the Head of Alfredo Garcia,1974,112 min.,Sam Peckinpah,Warren Oates,Action Thriller,Action
The Vanishing,1988,107 min.,George Sluizer,Bernard-Pierre Donnadieu,Foreign Language Film,Mystery
The Spirit of the Beehive,1973,97 min.,Víctor Erice,Ana Torrent,Childhood Drama,Drama
American Graffiti,1973,110 min.,George Lucas,Richard Dreyfuss,Americana,Comedy Drama
The Earrings of Madame de...,1953,105 min.,Max Ophüls,Charles Boyer,Costume Romance,Drama
Cabaret,1972,124 min.,Bob Fosse,Liza Minnelli,Based-on-Theatre,Drama
Dark City,1998,100 min.,Alex Proyas,Rufus Sewell,Cyberpunk / Tech Noir,Dystopian Film
Gran Torino,2008,116 min.,Clint Eastwood,Clint Eastwood,Drama,Psychological Drama
Clue,1985,94 min.,Jonathan Lynn,Eileen Brennan,Comedy Thriller,Comedy
Inside Out,2015,94 min.,Pete Docter,Amy Poehler,Animation,Comedy
All That Heaven Allows,1955,89 min.,Douglas Sirk,Jane Wyman,Drama,Melodrama
The Day of the Jackal,1973,143 min.,Fred Zinnemann,Edward Fox,Based-on-20th-Century-Literature,Hitman / Assassin Film
From Dusk Till Dawn,1996,108 min.,Robert Rodriguez,Harvey Keitel,Action Thriller,Action
300,2007,116 min.,Zack Snyder,Gerard Butler,Action,Based-on-Comics
Ed Wood,1994,127 min.,Tim Burton,Martin Landau,Based-on-20th-Century-Literature,Based-on-a-True-Story
Poltergeist,1982,114 min.,Tobe Hooper,JoBeth Williams,Ghost Film,Haunted House Film
My Fair Lady,1964,170 min.,George Cukor,Audrey Hepburn,Based-on-Theatre,Comedy
Back to the Future Part III,1990,118 min.,Robert Zemeckis,Michael J. Fox,Comedy Western,Comedy
Superman,1978,143 min.,Richard Donner,Marlon Brando,Action,Adventure
The Texas Chain Saw Massacre,1974,83 min.,Tobe Hooper,Marilyn Burns,Cannibal Film,Exploitation Film
The Hateful Eight,2015,176 min.,Quentin Tarantino,Samuel L. Jackson,Revisionist Western,Western
A Man for All Seasons,1966,120 min.,Fred Zinnemann,Paul Scofield,Based-on-Theatre,Courtroom Drama
The Pianist,2002,150 min.,Roman Polanski,Maureen Lipman,Based-on-a-True-Story,Biopic
Adaptation,2002,114 min.,Spike Jonze,Meryl Streep,Based-on-20th-Century-Literature,Black Comedy
Manchester by the Sea,2016,135 min.,Kenneth Lonergan,Casey Affleck,Drama,Family Drama
Pandora's Box,1929,133 min.,Georg Wilhelm Pabst,Louise Brooks,Crime Drama,Crime
Waiting for Guffman,1996,84 min.,Christopher Guest,Fred Willard,Comedy,Mockumentary
Die Hard 2,1990,124 min.,Renny Harlin,Bruce Willis,Action Thriller,Action
Das Boot,1981,149 min.,Wolfgang Petersen,Jürgen Prochnow,Adventure Drama,Adventure
MASH,1970,116 min.,Robert Altman,Donald Sutherland,Anti-War Film,Black Comedy
The Return of the Living Dead,1985,91 min.,Dan O'Bannon,Clu Gulager,Comedy,Horror Comedy
Top Gun: Maverick,2022,131 min.,Joseph Kosinski,Tom Cruise,Action,Adventure Drama
The Natural,1984,134 min.,Barry Levinson,Robert Duvall,Americana,Based-on-20th-Century-Literature
The Elephant Man,1980,124 min.,David Lynch,Anthony Hopkins,Based-on-20th-Century-Literature,Based-on-a-True-Story
Faust: A German Folk Legend,1926,116 min.,F.W. Murnau,Emil Jannings,Drama,Fantasy
The Cabin in the Woods,2012,105 min.,Drew Goddard,Kristen Connolly,Black Comedy,Fantasy
Titanic,1997,194 min.,James Cameron,Leonardo DiCaprio,Adventure,Costume Romance
Home Alone,1990,103 min.,Chris Columbus,Macaulay Culkin,Comedy,Domestic Comedy
Run Lola Run,1998,80 min.,Tom Tykwer,Franka Potente,Action Thriller,Action
Spider-Man: Homecoming,2017,134 min.,Jon Watts,Tom Holland,Action,Based-on-Comics
Short Term 12,2013,96 min.,Destin Daniel Cretton,Brie Larson,Drama,Social Problem Film
Moneyball,2011,133 min.,Bennett Miller,Brad Pitt,Based-on-21st-Century-Literature,Based-on-a-True-Story
Top Gun,1986,110 min.,Tony Scott,Tom Cruise,Action,Buddy Film
Meet Me in St. Louis,1944,113 min.,Vincente Minnelli,Margaret O'Brien,Americana,Drama
Deliverance,1972,109 min.,John Boorman,Jon Voight,Adventure Drama,Adventure
